municipios,Bovino,Bubalino,Equino,Suíno - matrizes de suínos,Caprino,Ovino,Galináceos - galinhas,Codornas
Abadia dos Dourados,51915,57,1413,295,51,0,15000,0
Abaeté,99276,52,2283,485,0,57,17500,0
Abre Campo,23244,42,616,4982,148,39,8500,0
Acaiaca,4575,0,222,65,26,0,1800,0
Açucena,41077,123,1422,302,64,19,8900,0
Água Boa,63653,402,2018,641,142,106,20000,0
Água Comprida,7085,0,234,15,0,177,700,0
Aguanil,14414,0,509,87,23,56,2500,0
Águas Formosas,45804,14,2451,615,69,466,5500,0
Águas Vermelhas,8320,0,476,194,132,210,5600,0
Aimorés,73494,0,1796,214,302,656,6350,0
Aiuruoca,26301,309,2012,237,12,143,4200,0
Alagoa,7747,111,368,67,73,62,1050,0
Albertina,1733,0,111,33,86,0,500,0
Além Paraíba,31445,0,1208,89,155,126,3500,0
Alfenas,27260,38,1066,350,320,330,7500,0
Alfredo Vasconcelos,6148,0,182,38,24,19,800,0
Almenara,67746,0,3899,488,281,502,7150,610
Alpercata,14328,83,728,43,5,148,900,0
Alpinópolis,28699,444,801,341,77,508,10800,0
Alterosa,21226,13,664,455,0,103,9250,0
Alto Caparaó,819,0,48,28,76,78,640,0
Alto Rio Doce,21811,492,718,431,61,1,9000,0
Alvarenga,14897,0,527,41,27,32,5500,0
Alvinópolis,19772,27,796,431,28,42,7500,0
Alvorada de Minas,14189,52,525,118,0,24,2300,0
Amparo do Serra,7487,0,583,1258,91,6,4200,0
Andradas,17615,20,650,370,149,181,7200,0
Cachoeira de Pajeú,15214,18,590,212,9,129,6500,0
Andrelândia,29972,4,776,126,15,0,3300,0
Angelândia,2577,0,254,182,16,6,8500,0
Antônio Carlos,19708,34,986,38,204,521,3600,0
Antônio Dias,12534,95,444,98,8,26,2000,0
Antônio Prado de Minas,6935,0,103,37,0,0,1770,0
Araçaí,6596,0,374,35,15,0,1300,0
Aracitaba,5882,0,220,25,27,2,2100,0
Araçuaí,38465,52,3035,732,256,454,22000,0
Araguari,150854,111,3282,6916,45,316,5500,0
Arantina,2981,8,121,15,13,17,650,0
Araponga,5721,0,122,35,50,32,650,0
Araporã,4860,0,98,35,0,105,510,0
Arapuá,19001,3,400,161,22,0,4000,0
Araújos,25233,98,391,65,7,12,8500,0
Araxá,55820,46,2511,168,60,677,8000,0
Arceburgo,13151,12,233,30,60,241,23000,0
Arcos,30974,997,1024,206,66,258,14000,0
Areado,18209,74,226,179,0,0,3600,0
Argirita,11340,0,370,38,145,39,1740,0
Aricanduva,6975,0,469,162,26,0,11500,0
Arinos,107813,12,3667,1077,623,1082,11250,0
Astolfo Dutra,11245,0,214,14,15,395,500,0
Ataléia,114287,32,5471,484,327,452,8500,0
Augusto de Lima,31723,66,1103,73,137,88,3700,0
Baependi,37554,2,3263,119,30,120,4000,0
Baldim,16977,2,871,106,688,561,3500,0
Bambuí,82698,556,3496,1858,44,144,16000,0
Bandeira,21293,9,1014,184,69,138,4250,0
Bandeira do Sul,2757,0,80,22,10,15,750,0
Barão de Cocais,3270,0,511,22,27,67,1500,0
Barão do Monte Alto,16236,0,573,105,107,25,1382,0
Barbacena,29259,711,1752,1096,775,971,14000,0
Barra Longa,17089,0,703,86,36,10,4500,0
Barroso,3843,0,158,62,0,0,1725,0
Bela Vista de Minas,1707,0,210,0,0,0,525,0
Belmiro Braga,18512,2,690,69,13,129,1950,0
Belo Horizonte,602,0,717,34,54,91,325,0
Belo Oriente,7515,44,677,103,41,96,4000,0
Belo Vale,16027,6,770,61,2,51,4700,0
Berilo,9664,0,773,388,76,0,7600,0
Bertópolis,31287,28,1048,160,34,174,1450,0
Berizal,14937,0,326,95,65,132,1400,0
Betim,7989,13,1522,44,71,65,8000,0
Bias Fortes,14904,3,558,59,0,53,2500,0
Bicas,10170,7,544,21,27,26,1000,0
Biquinhas,23697,40,830,376,0,7,6000,0
Boa Esperança,23924,12,2421,731,44,77,17000,0
Bocaina de Minas,14090,67,713,88,76,143,2700,0
Bocaiúva,77098,15,4494,949,87,325,30000,320
Bom Despacho,78845,317,2486,5272,116,339,399400,600
Bom Jardim de Minas,8557,5,177,12,6,11,650,0
Bom Jesus da Penha,7537,0,287,155,0,26,4800,0
Bom Jesus do Amparo,8998,167,733,44,0,104,3600,0
Bom Jesus do Galho,25225,93,595,260,103,137,8250,0
Bom Repouso,14224,0,352,87,89,56,3000,0
Bom Sucesso,40472,197,1037,73,8,206,3370,0
Bonfim,13111,18,583,110,0,0,4000,0
Bonfinópolis de Minas,45867,0,1539,259,126,344,9000,0
Bonito de Minas,15970,0,998,175,103,20,8900,0
Borda da Mata,25762,7,1073,165,11,71,6500,0
Botelhos,17382,44,531,757,9,69,7000,0
Botumirim,10476,0,1165,287,0,85,9000,350
Brasilândia de Minas,62147,0,1890,671,82,11,181700,0
Brasília de Minas,40622,3,2702,907,163,443,23500,0
Brás Pires,4538,0,43,23,0,0,850,0
Braúnas,15527,84,609,142,0,7,4700,0
Brazópolis,26076,5,545,72,82,65,750,0
Brumadinho,15299,129,1195,1121,56,304,5000,0
Bueno Brandão,26616,0,337,181,644,104,7000,0
Buenópolis,28414,12,938,124,0,113,4450,0
Bugre,8356,14,47,7,0,76,900,0
Buritis,84313,48,4367,1244,489,1085,33000,0
Buritizeiro,83685,35,2914,958,243,596,5500,0
Cabeceira Grande,42216,100,1047,255,0,505,3500,0
Cabo Verde,17259,14,340,612,13,59,6000,0
Cachoeira da Prata,2531,128,48,40,0,0,200,0
Cachoeira de Minas,21415,21,987,765,96,272,7000,0
Cachoeira Dourada,10880,0,230,25,75,150,430,0
Caetanópolis,4864,0,508,61,9,47,8000,0
Caeté,8862,3,1279,214,76,193,9800,0
Caiana,3759,0,134,65,47,103,1450,0
Cajuri,2835,0,194,71,112,116,2600,0
Caldas,43893,52,670,629,73,100,9500,0
Camacho,8909,44,137,88,0,0,6100,0
Camanducaia,16062,57,655,118,76,745,3450,0
Cambuí,17725,40,790,127,52,185,6000,0
Cambuquira,9991,12,541,42,0,523,44500,0
Campanário,18115,0,613,56,0,101,2250,0
Campanha,7392,50,625,47,65,369,33100,0
Campestre,19536,48,488,306,31,43,19500,0
Campina Verde,341046,259,4154,994,170,2413,20000,0
Campo Azul,12155,0,913,232,280,192,7000,0
Campo Belo,42783,262,1022,70,0,107,15550,0
Campo do Meio,4248,0,318,234,29,29,8050,0
Campo Florido,52775,47,1194,2115,91,983,3850,0
Campos Altos,20161,724,634,106,0,0,2300,0
Campos Gerais,21583,33,1274,852,32,490,21000,0
Canaã,6473,0,216,97,423,169,3200,0
Canápolis,25100,0,600,115,0,115,2820,0
Cana Verde,19163,0,492,22,45,66,1200,0
Candeias,39854,341,619,98,16,118,6100,0
Cantagalo,7581,364,135,39,39,0,1500,0
Caparaó,1533,0,78,68,21,0,1650,0
Capela Nova,4666,22,298,101,21,0,2600,0
Capelinha,16718,0,1050,717,215,203,25000,0
Capetinga,10887,6,348,49,47,27,2300,0
Capim Branco,6147,0,601,41,14,25,300,0
Capinópolis,36500,0,605,1130,105,650,3750,0
Capitão Andrade,17608,0,460,114,173,25,2100,0
Capitão Enéas,46100,0,2112,329,371,598,50750,0
Capitólio,19887,350,568,124,22,107,8000,0
Caputira,5768,0,244,177,28,0,4075,0
Caraí,22768,0,953,342,0,308,13500,0
Caranaíba,7043,60,257,53,0,0,3100,0
Carandaí,16026,0,578,833,0,528,1750,0
Carangola,17400,82,719,204,76,147,3500,0
Caratinga,42164,18,1392,387,420,1835,10000,0
Carbonita,4548,0,471,157,48,0,6500,0
Careaçu,16007,34,435,122,31,145,2550,0
Carlos Chagas,225330,349,9814,276,796,2654,5500,0
Carmésia,5213,68,202,46,0,0,1300,0
Carmo da Cachoeira,11870,11,559,55,0,0,1450,0
Carmo da Mata,26422,506,1604,90,18,219,4000,0
Carmo de Minas,20514,0,1545,79,19,106,1500,0
Carmo do Cajuru,33360,597,1034,465,0,0,385000,0
Carmo do Paranaíba,132165,124,1875,2954,0,66,32100,0
Carmo do Rio Claro,38410,60,1358,1454,117,673,15000,0
Carmópolis de Minas,30565,90,1391,154,0,323,9000,0
Carneirinho,187514,158,2834,322,76,2584,7000,0
Carrancas,19559,0,926,113,0,0,3700,0
Carvalhópolis,3691,6,135,71,0,10,3000,0
Carvalhos,15439,33,530,172,15,65,2350,0
Casa Grande,9629,0,150,57,18,0,1350,0
Cascalho Rico,29539,0,340,793,0,5,1800,0
Cássia,44236,624,806,108,107,143,5000,0
Conceição da Barra de Minas,13577,26,314,85,0,8,2000,0
Cataguases,25837,6,532,1940,5,71,2500,0
Catas Altas,1797,0,151,21,8,22,1250,0
Catas Altas da Noruega,2799,0,258,883,20,13,3500,0
Catuji,10749,5,471,137,0,312,2500,0
Catuti,10892,0,479,164,33,20,2800,0
Caxambu,5019,0,1510,13,12,20,740,0
Cedro do Abaeté,10264,10,357,57,0,0,700,0
Central de Minas,11475,0,554,106,0,27,800,0
Centralina,19900,5,150,45,0,262,800,0
Chácara,8288,14,506,34,41,205,1500,0
Chalé,11183,5,281,111,0,78,5600,0
Chapada do Norte,7795,0,1432,449,120,0,14000,0
Chapada Gaúcha,24950,0,879,359,123,762,16000,0
Chiador,13186,0,315,16,0,25,350,0
Cipotânea,5838,0,78,104,0,0,2300,0
Claraval,9024,97,601,193,57,21,5000,0
Claro dos Poções,24700,0,1590,200,0,41,8000,0
Cláudio,43699,455,1344,1479,0,647,514500,250
Coimbra,6293,0,337,3926,17,428,2400,0
Coluna,17256,0,307,228,19,24,5500,0
Comendador Gomes,70901,6,1105,162,95,955,109700,0
Comercinho,15878,0,801,362,30,11,8500,0
Conceição da Aparecida,15298,139,772,195,16,84,8000,0
Conceição das Pedras,5730,34,154,49,26,163,800,0
Conceição das Alagoas,36562,54,525,274,78,116,11250,0
Conceição de Ipanema,17885,0,434,237,58,81,5800,0
Conceição do Mato Dentro,31619,527,2053,312,32,224,15000,0
Conceição do Pará,14845,42,385,2963,21,76,5250,0
Conceição do Rio Verde,18099,4,849,11,0,77,900,0
Conceição dos Ouros,11739,0,356,132,58,26,2600,0
Cônego Marinho,9591,0,450,287,170,307,10600,0
Confins,776,0,497,0,15,14,90,0
Congonhal,15468,76,471,134,13,0,4500,0
Congonhas,3252,0,737,86,76,0,2000,0
Congonhas do Norte,5783,0,470,47,6,2,2600,0
Conquista,20129,0,427,80,13,269,2200,0
Conselheiro Lafaiete,14710,0,1308,880,32,75,2700,0
Conselheiro Pena,62192,0,2294,232,261,191,9100,0
Consolação,7888,0,207,30,0,47,1525,0
Contagem,1295,0,697,51,139,1,800,0
Coqueiral,10061,0,695,181,0,148,6600,0
Coração de Jesus,60233,61,4212,1128,153,414,33000,30
Cordisburgo,28378,320,1048,202,15,44,8600,0
Cordislândia,8585,46,377,43,8,135,1520,0
Corinto,55716,0,1164,999,196,221,5800,0
Coroaci,15971,0,610,74,0,37,2150,0
Coromandel,112188,160,2802,3528,111,457,23500,0
Coronel Fabriciano,1014,0,126,8,34,71,850,0
Coronel Murta,16697,0,844,370,155,55,8300,0
Coronel Pacheco,9522,3,349,30,465,171,1600,0
Coronel Xavier Chaves,6445,0,297,164,31,275,1500,0
Córrego Danta,28381,2077,1549,451,0,65,7500,0
Córrego do Bom Jesus,7055,0,375,32,0,50,480,0
Córrego Fundo,6091,60,227,69,0,79,6000,0
Córrego Novo,10261,1149,199,56,43,67,2100,0
Couto de Magalhães de Minas,2076,0,166,26,11,60,1200,0
Crisólita,56108,292,2761,176,87,491,1900,0
Cristais,27508,13,622,313,0,0,5300,0
Cristália,5553,0,436,172,28,54,7000,0
Cristiano Otoni,9484,0,278,94,0,0,2750,0
Cristina,23858,10,634,109,26,12,3000,0
Crucilândia,10200,38,382,66,95,39,4150,0
Cruzeiro da Fortaleza,24869,0,389,95,0,56,1800,0
Cruzília,21805,0,3131,135,74,6,3500,0
Cuparaque,15736,0,481,84,19,77,1350,0
Curral de Dentro,8591,0,357,140,60,208,2500,0
Curvelo,94375,203,2995,2077,69,250,14000,0
Datas,1894,0,171,31,0,10,1400,0
Delfim Moreira,14113,48,728,111,55,95,2700,0
Delfinópolis,37697,181,1112,219,28,298,4250,0
Delta,3419,10,128,54,0,0,75500,25000
Descoberto,11867,0,177,27,9,103,7200,0
Desterro de Entre Rios,15063,0,1033,131,29,0,8000,0
Desterro do Melo,7772,278,257,81,132,86,5100,0
Diamantina,14750,63,832,162,40,57,8000,0
Diogo de Vasconcelos,5374,26,540,109,31,5,2550,0
Dionísio,11946,123,356,68,9,218,5650,0
Divinésia,5194,0,223,20,42,0,850,0
Divino,13773,0,559,221,43,53,6350,0
Divino das Laranjeiras,18444,36,737,51,147,218,1120,0
Divinolândia de Minas,4469,114,222,34,5,0,1800,0
Divinópolis,48364,561,2103,424,153,237,991500,240
Divisa Alegre,578,0,69,16,34,0,1000,0
Divisa Nova,12625,395,407,114,8,42,2600,0
Divisópolis,12548,0,1130,122,122,249,2600,0
Dom Bosco,37595,0,1016,217,12,145,4500,0
Dom Cavati,3563,0,157,44,39,41,1300,0
Dom Joaquim,14406,96,858,118,26,56,3200,0
Dom Silvério,8914,0,426,69,38,0,2100,0
Dom Viçoso,5695,9,284,42,25,55,800,0
Dona Euzébia,3768,0,117,12,18,0,300,0
Dores de Campos,2952,10,56,43,0,0,1200,0
Dores de Guanhães,17592,22,411,108,0,26,3200,0
Dores do Indaiá,72765,74,1847,209,0,0,7000,0
Dores do Turvo,11074,33,85,282,0,22,1300,0
Doresópolis,10384,1804,295,119,0,9,3000,0
Douradoquara,21360,0,401,90,0,25,2450,0
Durandé,5587,0,94,7,22,41,1200,0
Elói Mendes,31956,116,800,149,19,91,67400,0
Engenheiro Caldas,14385,22,826,73,42,77,1150,0
Engenheiro Navarro,24485,0,949,211,54,147,3300,0
Entre Folhas,4257,29,138,90,29,61,3000,0
Entre Rios de Minas,24086,69,1849,139,31,15,4000,0
Ervália,10743,0,929,329,343,72,7500,0
Esmeraldas,40282,472,4182,2015,82,974,113900,0
Espera Feliz,6865,0,176,211,86,75,5800,0
Espinosa,35617,0,1882,1138,1304,1191,25000,0
Espírito Santo do Dourado,14948,26,395,169,0,49,4500,0
Estiva,19882,21,405,218,69,54,3050,0
Estrela Dalva,10418,0,143,29,38,10,700,0
Estrela do Indaiá,43025,521,1295,262,9,404,4900,0
Estrela do Sul,53381,0,765,184,39,0,2800,0
Eugenópolis,20889,0,420,84,346,47,3066,0
Ewbank da Câmara,4260,27,133,13,0,18,590,0
Extrema,9421,26,474,110,81,249,3100,0
Fama,2296,0,96,46,0,30,1100,0
Faria Lemos,10795,22,124,734,35,155,875,0
Felício dos Santos,5313,0,415,168,17,0,7800,0
São Gonçalo do Rio Preto,2613,0,199,56,0,0,4000,0
Felisburgo,21011,4,1223,162,3,411,3600,0
Felixlândia,41911,0,1398,275,0,17,10000,0
Fernandes Tourinho,12670,0,273,29,42,24,1100,0
Ferros,35942,394,1992,197,13,968,7800,0
Fervedouro,13533,24,346,223,95,626,3400,0
Florestal,12708,162,937,1334,289,141,1400,0
Formiga,71234,422,1150,4380,69,139,78000,0
Formoso,32312,0,1182,401,45,479,8500,0
Fortaleza de Minas,11515,105,206,98,25,218,3200,0
Fortuna de Minas,11347,3047,540,1819,96,151,3000,750
Francisco Badaró,12407,0,1205,413,43,0,10450,0
Francisco Dumont,22942,23,1039,143,26,106,4500,0
Francisco Sá,95912,0,4726,858,222,641,23200,240
Franciscópolis,38288,0,1577,261,27,149,7000,0
Frei Gaspar,32590,14,1506,101,79,215,2650,0
Frei Inocêncio,32518,6,1075,75,25,161,3300,0
Frei Lagonegro,7022,15,268,109,0,0,3100,0
Fronteira,8074,0,198,111,0,31,3800,0
Fronteira dos Vales,18571,0,675,96,120,270,1400,0
Fruta de Leite,4526,0,639,211,22,8,4850,0
Frutal,172881,1026,2749,565,456,2327,15750,0
Funilândia,9020,35,490,42,17,279,3000,0
Galiléia,38574,0,1286,130,24,360,4500,0
Gameleiras,28939,0,1287,464,608,357,7200,0
Glaucilândia,8749,8,538,268,16,0,7500,240
Goiabeira,7276,0,273,37,0,46,700,0
Goianá,10784,0,358,31,227,58,1400,0
Gonçalves,9602,0,548,84,70,241,2600,0
Gonzaga,11760,57,324,113,0,0,2100,0
Gouveia,10169,15,629,83,0,70,4400,0
Governador Valadares,134931,88,6326,459,315,1076,16000,0
Grão Mogol,18924,37,1327,625,57,81,16250,39
Grupiara,10881,0,138,26,0,19,50,0
Guanhães,45013,2171,1261,327,25,31,13560,0
Guapé,31746,116,1655,516,115,144,11750,0
Guaraciaba,10750,6,791,419,211,53,9000,0
Guaraciama,6815,0,772,212,0,6,5100,9
Guaranésia,17012,34,865,125,31,86,3200,0
Guarani,18685,0,449,90,10,22,103550,0
Guarará,5869,0,210,145,0,35,920,0
Guarda-Mor,64599,32,1610,662,0,220,9890,0
Guaxupé,8279,21,655,100,27,351,3500,0
Guidoval,9875,0,400,12,4,0,1200,0
Guimarânia,26057,4,366,857,0,150,4600,0
Guiricema,24319,44,603,167,105,34,2400,0
Gurinhatã,192000,180,3350,445,160,1850,8250,0
Heliodora,9901,14,314,59,0,62,2050,0
Iapu,19998,459,493,68,42,83,3800,0
Ibertioga,18204,62,133,45,25,192,1500,0
Ibiá,92331,536,2695,318,9,227,7500,0
Ibiaí,24666,5,819,194,75,111,400,0
Ibiracatu,5803,0,433,204,149,14,6100,0
Ibiraci,16008,220,649,199,49,51,5700,0
Ibirité,610,100,87,11,0,26,525,0
Ibitiúra de Minas,2870,0,110,17,0,0,1080,0
Ibituruna,11771,51,234,15,0,22,400,0
Icaraí de Minas,37048,0,1332,545,35,29,17700,0
Igarapé,3273,3,148,44,0,0,12650,0
Igaratinga,22918,58,593,2071,24,15,65650,0
Iguatama,25950,2287,840,154,98,234,10500,0
Ijaci,6156,0,201,181,0,0,1350,0
Ilicínea,14293,0,843,277,0,64,10500,0
Imbé de Minas,5114,0,245,179,74,20,3500,100
Inconfidentes,10714,53,569,173,927,184,3000,0
Indaiabira,10100,0,532,303,0,78,12750,0
Indianópolis,11778,0,274,58,0,143,1300,0
Ingaí,15214,0,887,105,27,392,3300,0
Inhapim,41867,41,1731,552,546,412,16000,0
Inhaúma,17074,510,1650,64,17,252,2000,0
Inimutaba,19210,0,598,1094,12,103,3200,0
Ipaba,2525,0,182,13,6,144,7000,0
Ipanema,29586,0,1028,421,116,263,8950,0
Ipatinga,2247,141,222,29,3,56,800,0
Ipiaçu,30500,0,500,75,120,185,1450,0
Ipuiúna,16390,0,125,104,20,0,29400,0
Iraí de Minas,24999,12,382,199,0,206,5100,0
Itabira,33558,587,3164,154,66,70,12500,0
Itabirinha,12032,12,421,118,164,29,2550,0
Itabirito,4840,83,1016,104,151,119,3150,0
Itacambira,14767,35,955,134,71,11,6150,0
Itacarambi,24954,0,1171,215,142,149,4500,0
Itaguara,33047,127,647,521,0,291,5000,0
Itaipé,14579,0,576,204,297,100,5250,0
Itajubá,17857,9,1115,146,174,212,54600,0
Itamarandiba,30370,728,1830,448,53,181,20260,0
Itamarati de Minas,10504,0,205,2,0,19,1500,0
Itambacuri,84796,0,2980,294,76,551,11000,0
Itambé do Mato Dentro,9637,83,587,63,6,0,2450,0
Itamogi,3518,0,149,40,13,47,1500,0
Itamonte,14356,72,958,441,190,326,6500,35500
Itanhandu,11337,98,796,142,283,264,2944270,468000
Itanhomi,28852,0,849,212,90,48,2850,200
Itaobim,11486,0,1287,473,61,305,7200,0
Itapagipe,159468,147,2072,640,175,519,129550,0
Itapecerica,52498,294,1570,726,48,344,11000,2000
Itapeva,11828,34,290,46,83,132,1000,0
Itatiaiuçu,6982,44,389,20,31,88,1300,0
Itaú de Minas,5225,200,81,251,14,0,1650,0
Itaúna,35366,355,1312,1898,45,106,94650,10000
Itaverava,7565,30,288,26,101,96,2700,0
Itinga,30268,17,2071,476,221,551,9250,0
Itueta,18814,0,492,66,57,168,6500,0
Ituiutaba,186000,108,3250,4530,105,1950,16000,0
Itumirim,13054,2,304,129,22,211,3250,0
Iturama,102165,21,1458,283,236,913,3500,0
Itutinga,14846,0,522,80,0,0,3200,0
Jaboticatubas,16266,56,1551,253,100,378,8150,120
Jacinto,62434,0,2096,333,257,359,4300,0
Jacuí,19403,74,538,325,22,242,7500,0
Jacutinga,17644,6,590,237,75,791,1500,0
Jaguaraçu,4402,0,272,5,60,86,425,0
Jaíba,63284,0,3163,962,270,1060,20000,0
Jampruca,27332,0,1224,173,17,102,6300,0
Janaúba,79196,43,2418,1099,590,2050,15000,0
Januária,87526,107,4592,903,815,1407,42000,0
Japaraíba,12734,50,178,154,0,7,3650,0
Japonvar,10089,0,758,226,100,23,13600,0
Jeceaba,7044,0,360,98,49,0,5800,0
Jenipapo de Minas,7306,0,621,315,54,74,5950,0
Jequeri,26007,76,483,17226,51,96,8150,0
Jequitaí,50339,0,1231,216,12,76,5800,0
Jequitibá,14077,35,817,42,46,366,3900,0
Jequitinhonha,60529,64,3701,683,516,270,13500,0
Jesuânia,11992,10,341,19,13,0,2150,0
Joaíma,62688,0,3108,258,115,576,4850,0
Joanésia,12379,4,473,91,17,24,4100,0
João Monlevade,1646,0,239,20,16,0,380,0
João Pinheiro,226768,198,5701,2220,249,1040,37000,250
Joaquim Felício,15796,0,639,70,19,72,2950,0
Jordânia,28427,186,2170,213,164,687,4300,0
José Gonçalves de Minas,3562,2,375,123,25,14,3500,0
José Raydan,10213,58,368,202,15,17,3200,0
Josenópolis,2864,0,565,149,12,0,4200,0
Nova União,5501,0,533,21,20,50,1700,0
Juatuba,2493,24,213,0,0,0,250,0
Juiz de Fora,52363,175,2388,3493,58,127,8250,0
Juramento,15196,0,873,120,40,167,1415,0
Juruaia,9899,54,164,485,0,140,7320,0
Juvenília,33816,0,863,281,65,273,5200,0
Ladainha,22316,6,850,586,110,26,24000,0
Lagamar,66555,27,1644,600,47,21,16500,0
Lagoa da Prata,22534,297,715,117,22,25,3600,0
Lagoa dos Patos,20136,0,1039,330,179,44,6100,0
Lagoa Dourada,20174,10,1533,2636,0,0,1400,0
Lagoa Formosa,107267,6,1644,727,39,17,18800,0
Lagoa Grande,66736,0,1211,530,50,231,12600,0
Lagoa Santa,5203,0,872,20,51,86,2000,0
Lajinha,11376,0,389,227,131,43,16000,0
Lambari,8071,0,355,60,45,39,5200,0
Lamim,3791,41,285,68,46,27,2100,0
Laranjal,15768,0,370,145,80,70,3810,0
Lassance,40075,0,958,342,15,175,7500,0
Lavras,25864,25,1386,276,95,1104,352000,382500
Leandro Ferreira,21458,343,566,84,17,198,3700,0
Leme do Prado,1940,0,243,115,133,0,3260,0
Leopoldina,67450,130,1900,550,390,195,85000,0
Liberdade,17336,5,600,78,85,52,775,0
Lima Duarte,31927,49,904,609,0,227,4500,0
Limeira do Oeste,86006,89,1650,280,263,565,3800,0
Lontra,8149,0,643,262,16,72,7300,0
Luisburgo,1576,0,90,211,119,46,5100,0
Luislândia,13504,0,889,205,42,73,6700,0
Luminárias,12885,0,981,57,14,41,2000,0
Luz,75053,1790,2056,731,0,71,24000,0
Machacalis,34030,110,1275,82,21,306,3200,0
Machado,23707,40,461,2802,85,303,268330,0
Madre de Deus de Minas,14642,3,652,50,0,183,750,0
Malacacheta,32244,0,1676,693,82,446,12400,0
Mamonas,9191,0,729,405,77,35,8200,0
Manga,48600,0,1455,593,500,954,14500,0
Manhuaçu,6474,0,375,307,110,68,7850,0
Manhumirim,1832,0,49,59,13,0,2075,0
Mantena,33307,0,921,368,203,182,5150,0
Maravilhas,19139,176,474,314,0,0,3100,0
Mar de Espanha,22750,11,320,48,0,25,3120,0
Maria da Fé,12599,6,514,66,36,311,2000,0
Mariana,15870,15,974,166,170,196,4000,0
Marilac,11514,0,428,57,11,63,1850,0
Mário Campos,281,0,92,8,0,0,20800,0
Maripá de Minas,6100,0,390,95,42,12,2200,0
Marliéria,8320,29,376,15,44,35,1900,0
Marmelópolis,4355,0,121,84,25,12,320,0
Martinho Campos,60827,638,676,2519,0,63,1600,0
Martins Soares,1252,0,16,41,15,0,2400,0
Mata Verde,11043,0,331,46,39,113,575,0
Materlândia,15048,6,486,210,17,97,5500,0
Mateus Leme,13694,136,961,96,45,329,2150,0
Matias Barbosa,7381,7,310,19,19,43,625,0
Matias Cardoso,59605,0,903,421,254,602,5400,0
Matipó,10896,0,438,1318,306,27,5125,0
Mato Verde,19311,0,343,421,191,121,6600,0
Matozinhos,12150,3,1000,23,11,20,400,0
Matutina,25252,8,571,198,0,0,4200,0
Medeiros,41624,241,1124,591,23,21,6500,0
Medina,33168,0,2123,498,491,396,12250,0
Mendes Pimentel,22056,0,852,121,127,127,4500,0
Mercês,18136,0,314,229,12,15,9500,0
Mesquita,12247,0,732,113,43,27,3400,0
Minas Novas,9252,0,1342,1122,286,114,36500,0
Minduri,5725,381,664,34,0,65,430,0
Mirabela,16875,0,1045,421,40,160,9600,0
Miradouro,30986,30,844,1081,119,99,5351,0
Miraí,23779,0,418,45,328,41,2000,0
Miravânia,10815,0,649,208,40,27,5750,0
Moeda,5264,0,188,5,23,39,2500,0
Moema,16284,1718,497,305,0,29,3500,0
Monjolos,15223,0,506,49,0,0,1400,0
Monsenhor Paulo,12952,58,365,85,231,51,3025,0
Montalvânia,42512,0,1673,794,258,491,14000,0
Monte Alegre de Minas,140786,70,2452,14878,0,412,48350,0
Monte Azul,33757,0,1516,1121,487,796,18000,0
Monte Belo,21611,31,365,665,41,127,2750,0
Monte Carmelo,52419,17,939,361,73,153,15250,0
Monte Formoso,9185,0,502,92,50,47,3500,0
Monte Santo de Minas,23713,12,294,3672,2,0,5250,0
Montes Claros,103677,56,6824,2342,498,614,1575100,580
Monte Sião,24628,0,515,203,186,169,4800,0
Montezuma,6239,0,411,320,80,76,9250,0
Morada Nova de Minas,48593,69,1389,1506,42,0,4900,0
Morro da Garça,23682,0,579,58,0,169,2000,0
Morro do Pilar,10495,583,718,97,0,7,2700,0
Munhoz,7804,0,75,22,32,171,1000,0
Muriaé,58211,47,2095,421,205,261,7746,0
Mutum,69227,4,2321,645,942,1135,18250,0
Muzambinho,16566,17,130,161,55,167,3500,0
Nacip Raydan,11325,0,534,41,0,37,800,0
Nanuque,123878,107,4615,182,189,1299,2100,0
Naque,5793,194,278,42,160,53,1600,0
Natalândia,18061,17,504,149,48,7,3200,0
Natércia,15478,0,324,487,23,16,4000,0
Nazareno,18251,235,560,140,0,16,3300,0
Nepomuceno,22793,3,1258,221,57,234,1368300,6500
Ninheira,9487,0,327,262,78,96,7950,0
Nova Belém,3732,0,188,112,113,21,1500,0
Nova Era,9592,240,486,222,0,34,1050,240
Nova Lima,1186,0,708,8,36,82,650,0
Nova Módica,26468,0,1006,100,49,107,1250,0
Nova Ponte,34430,0,668,226,28,86,3350,0
Nova Porteirinha,3113,0,296,384,319,802,2600,0
Nova Resende,8885,44,314,235,28,89,10300,0
Nova Serrana,15066,39,911,70,105,95,4500,0
Novo Cruzeiro,28601,0,1181,929,175,86,26000,0
Novo Oriente de Minas,30996,125,1131,154,62,173,5350,0
Novorizonte,2645,0,319,148,14,2,2600,0
Olaria,8681,47,332,26,0,49,1800,0
Olhos-d'Água,11877,0,1080,206,46,23,12000,310
Olímpio Noronha,2954,0,171,21,0,67,900,0
Oliveira,40987,5328,1600,6238,18,1397,7500,0
Oliveira Fortes,6642,4,233,35,22,0,1500,0
Onça de Pitangui,13946,0,656,2207,0,22,18300,0
Oratórios,4321,0,208,3173,195,7,1400,0
Orizânia,1547,0,208,163,7,0,2300,0
Ouro Branco,3262,0,275,59,0,32,2500,0
Ouro Fino,31356,45,649,287,540,228,48300,0
Ouro Preto,8685,0,1091,154,67,620,7900,105
Ouro Verde de Minas,13293,0,502,63,15,30,3050,0
Padre Carvalho,2192,0,200,100,0,0,2400,0
Padre Paraíso,7854,0,407,101,37,139,4600,0
Paineiras,35980,0,968,352,15,139,6100,0
Pains,33672,2514,1181,208,14,42,16500,0
Pai Pedro,25232,0,1219,467,76,305,7500,0
Paiva,4424,0,130,17,0,20,1400,0
Palma,24510,0,430,27,135,0,1863,0
Palmópolis,23021,16,1177,82,82,230,700,0
Papagaios,29040,185,476,2485,112,129,4500,0
Paracatu,206319,45,5052,2150,379,1101,33565,0
Pará de Minas,42062,1519,1410,21154,29,96,158100,1200
Paraguaçu,12561,122,487,405,15,293,8200,0
Paraisópolis,25337,165,734,205,74,189,5000,0
Paraopeba,31625,379,1972,693,43,913,165900,0
Passabém,4107,181,290,15,0,35,850,0
Passa Quatro,16197,0,938,101,184,133,2200400,6700
Passa Tempo,24734,1143,1258,234,25,76,4500,0
Passa Vinte,10184,0,284,61,48,57,1500,0
Passos,116653,3144,2801,2974,209,1375,13200,0
Patis,13718,0,603,236,0,1,5920,0
Patos de Minas,222223,128,4407,23714,195,749,63000,0
Patrocínio,104502,46,2196,10451,77,239,20500,0
Patrocínio do Muriaé,9384,0,345,81,0,0,1961,0
Paula Cândido,9416,29,355,55,62,19,5500,0
Paulistas,12072,127,320,134,0,0,2300,0
Pavão,37682,377,1752,297,126,320,3850,0
Peçanha,33569,569,1276,233,62,159,14650,0
Pedra Azul,35408,26,1701,167,194,305,4350,0
Pedra Bonita,2415,0,167,112,92,0,3550,0
Pedra do Anta,9401,0,345,116,19,104,4500,0
Pedra do Indaiá,23605,26,421,181,0,12,330000,0
Pedra Dourada,2728,16,71,24,125,19,400,0
Pedralva,13823,122,711,184,48,11,76150,17968
Pedras de Maria da Cruz,46507,0,2351,353,237,247,11625,0
Pedrinópolis,15339,0,319,78,0,168,2300,0
Pedro Leopoldo,12383,112,1858,41,47,218,2000,0
Pedro Teixeira,5805,0,129,27,0,0,1400,0
Pequeri,6850,0,540,7,0,58,170,0
Pequi,16046,718,441,1994,28,2,11250,0
Perdigão,14699,6,388,2192,135,25,2800,0
Perdizes,92476,122,1547,1631,12,202,13250,0
Perdões,20215,8,654,105,23,186,4500,800000
Periquito,8941,0,448,44,82,57,1800,0
Pescador,17012,0,700,43,29,115,1120,0
Piau,9930,0,299,50,381,64,1500,0
Piedade de Caratinga,1744,0,64,108,66,17,3400,0
Piedade de Ponte Nova,5207,0,135,4626,23,0,1150,0
Piedade do Rio Grande,11039,3,315,70,0,28,2100,0
Piedade dos Gerais,12758,0,326,124,27,13,4000,0
Pimenta,29120,997,266,193,0,43,9100,0
Pingo-d'Água,1964,0,74,19,0,0,175,0
Pintópolis,32607,0,1886,506,60,33,14500,0
Piracema,22618,23,789,2140,77,53,4100,0
Pirajuba,4913,5,83,669,0,34,480,0
Piranga,18351,27,1286,6134,94,41,14000,0
Piranguçu,10124,62,776,145,274,199,2300,0
Piranguinho,11782,51,237,59,60,74,3000,0
Pirapetinga,12013,9,265,11,36,8,500,0
Pirapora,6760,0,416,151,69,176,2450,0
Piraúba,6853,80,262,23,16,29,90,0
Pitangui,33174,18,481,120,32,160,6950,0
Piumhi,46475,1749,976,476,76,277,21900,0
Planura,10018,0,105,106,0,1,1000,0
Poço Fundo,28986,65,690,375,35,63,12600,0
Poços de Caldas,15728,0,416,94,345,194,2900,0
Pocrane,34514,0,1347,282,206,313,7300,0
Pompéu,107413,73,1889,527,66,150,19000,0
Ponte Nova,24464,0,1179,9018,126,82,7800,0
Ponto Chique,18127,0,763,132,10,57,1350,0
Ponto dos Volantes,16393,0,773,256,114,133,9300,0
Porteirinha,59643,0,2670,1179,671,1208,30500,0
Porto Firme,10582,0,402,380,92,17,6200,0
Poté,23852,0,1069,450,52,221,10700,0
Pouso Alegre,32761,49,1493,700,171,363,9300,1000
Pouso Alto,22325,0,960,163,20,67,1820400,1191600
Prados,9902,12,354,192,58,16,4500,0
Prata,374558,148,5675,3297,232,1981,119800,0
Pratápolis,16950,103,390,114,104,234,3000,0
Pratinha,23615,520,314,136,10,8,3500,0
Presidente Bernardes,7125,0,532,171,150,12,6200,0
Presidente Juscelino,21949,0,774,55,8,64,1570,0
Presidente Kubitschek,1647,0,147,13,0,12,500,0
Presidente Olegário,133476,0,3141,7830,110,260,24000,0
Alto Jequitibá,2236,0,67,58,46,0,1410,0
Prudente de Morais,6655,0,288,15,0,47,400,0
Quartel Geral,28422,28,780,85,15,106,3100,0
Queluzito,9381,0,560,48,29,0,2250,0
Raposos,90,0,41,4,31,0,220,0
Raul Soares,47274,32,1513,1522,220,256,13000,0
Recreio,16320,0,420,27,110,0,1180,0
Reduto,3111,0,177,13,13,68,500,0
Resende Costa,23575,0,1488,180,16,115,5900,0
Resplendor,59572,7,1632,179,232,424,8200,0
Ressaquinha,8494,5,171,60,11,24,1300,0
Riachinho,57522,57,2804,662,465,108,8100,0
Riacho dos Machados,13390,0,1083,475,73,79,5900,0
Ribeirão das Neves,2166,71,406,58,42,153,2100,0
Ribeirão Vermelho,3313,0,137,11,0,800,550,0
Rio Acima,627,2,273,26,47,60,1550,0
Rio Casca,22583,94,906,3417,73,630,3600,0
Rio Doce,5599,0,138,24,6,0,3200,0
Rio do Prado,18222,130,1187,167,30,122,1150,0
Rio Espera,13841,12,817,220,88,10,14500,0
Rio Manso,10807,64,341,156,0,39,2500,0
Rio Novo,16497,0,535,26,248,123,1150,0
Rio Paranaíba,74325,307,1121,609,19,92,22000,0
Rio Pardo de Minas,18885,0,897,617,28,149,33000,0
Rio Piracicaba,12333,76,943,675,21,83,3500,0
Rio Pomba,16445,0,310,465,96,19,7750,0
Rio Preto,12239,30,440,59,229,35,1150,0
Rio Vermelho,33354,245,1215,432,47,137,13200,0
Ritápolis,13951,0,782,64,19,32,2000,0
Rochedo de Minas,4697,0,320,3,0,9,250,0
Rodeiro,5138,0,303,8,0,56,280,0
Romaria,8976,0,174,92,68,26,900,0
Rosário da Limeira,4729,0,116,70,9,0,1309,0
Rubelita,18766,15,1970,645,75,713,9600,0
Rubim,44752,0,2875,241,106,240,4200,0
Sabará,2036,15,312,289,100,37,2460,0
Sabinópolis,37407,106,1461,316,104,75,14250,0
Sacramento,110008,79,2242,617,67,249,12000,0
Salinas,44419,0,3664,1137,202,289,36500,500
Salto da Divisa,58782,392,2138,507,436,325,700,0
Santa Bárbara,4698,0,425,44,9,18,2500,0
Santa Bárbara do Leste,1399,21,102,73,35,37,2400,100
Santa Bárbara do Monte Verde,16670,151,523,61,35,59,2000,0
Santa Bárbara do Tugúrio,13677,53,505,80,51,12,2500,0
Santa Cruz de Minas,28,0,30,0,0,0,10,0
Santa Cruz de Salinas,11425,0,832,273,67,11,7325,0
Santa Cruz do Escalvado,15497,74,611,2813,103,122,2900,0
Santa Efigênia de Minas,5383,101,214,65,13,49,950,0
Santa Fé de Minas,37991,22,1470,300,49,899,5270,0
Santa Helena de Minas,14726,12,586,74,0,83,4250,0
Santa Juliana,29150,0,324,5365,15,123,3000,0
Santa Luzia,5108,0,540,46,63,28,1800,0
Santa Margarida,3419,0,386,278,546,32,7550,0
Santa Maria de Itabira,15675,480,1798,183,66,77,25250,0
Santa Maria do Salto,14969,0,1032,377,21,238,1900,0
Santa Maria do Suaçuí,30398,0,1053,249,20,115,5500,0
Santana da Vargem,2968,13,305,97,0,67,3100,0
Santana de Cataguases,11343,0,185,27,105,0,500,0
Santana de Pirapama,25649,9,1562,574,81,109,16000,0
Santana do Deserto,7505,63,555,51,0,122,600,0
Santana do Garambéu,5920,0,323,110,0,15,1350,0
Santana do Jacaré,7922,308,194,39,0,0,67000,0
Santana do Manhuaçu,11930,24,142,412,50,22,3100,0
Santana do Paraíso,5232,23,670,69,88,38,1350,0
Santana do Riacho,4460,103,456,100,23,9,3000,0
Santana dos Montes,6935,19,335,64,0,30,3100,0
Santa Rita de Caldas,38089,30,688,230,98,0,7000,0
Santa Rita de Jacutinga,22872,144,566,117,0,39,2800,0
Santa Rita de Minas,1490,0,66,34,78,49,1450,0
Santa Rita de Ibitipoca,14173,0,406,163,0,20,2300,0
Santa Rita do Itueto,15199,0,224,86,0,34,1600,0
Santa Rita do Sapucaí,24597,9,804,206,139,22,5650,0
Santa Rosa da Serra,11339,0,336,94,0,93,2350,0
Santa Vitória,273000,725,4900,2010,125,3600,7200,0
Santo Antônio do Amparo,16066,0,520,90,482,1863,2500,0
Santo Antônio do Aventureiro,13982,15,228,665,266,0,1050,0
Santo Antônio do Grama,8112,0,169,1718,0,21,2700,0
Santo Antônio do Itambé,9473,0,197,51,0,0,2350,0
Santo Antônio do Jacinto,28422,26,2108,524,11,336,8700,0
Santo Antônio do Monte,86771,839,1906,434,29,85,3640500,700
Santo Antônio do Retiro,4205,0,141,265,12,0,7700,0
Santo Antônio do Rio Abaixo,6337,254,330,64,16,7,1425,0
Santo Hipólito,22179,0,740,72,20,126,2300,0
Santos Dumont,27922,16,637,82,202,72,3000,0
São Bento Abade,1743,0,67,17,0,0,300,0
São Brás do Suaçuí,3462,0,147,16,0,0,1100,0
São Domingos das Dores,419,0,59,99,51,100,3300,0
São Domingos do Prata,29071,217,1596,70,118,87,6500,1000
São Félix de Minas,9303,0,455,102,58,16,1200,0
São Francisco,147608,491,6575,2239,692,847,55500,0
São Francisco de Paula,16449,10,534,92,0,2,3000,0
São Francisco de Sales,92480,42,892,232,71,386,3300,0
São Francisco do Glória,10137,0,267,123,27,0,2400,0
São Geraldo,9173,0,376,23,61,49,850,0
São Geraldo da Piedade,9311,0,256,105,22,24,1850,0
São Geraldo do Baixio,15324,0,589,95,99,155,1650,0
São Gonçalo do Abaeté,43446,36,1216,961,23,176,6200,0
São Gonçalo do Pará,15920,31,444,1176,11,64,74200,0
São Gonçalo do Rio Abaixo,11755,82,1394,87,215,125,4150,1800
São Gonçalo do Sapucaí,28920,0,1188,205,80,821,3900,0
São Gotardo,58813,141,1460,330,201,92,15500,0
São João Batista do Glória,23414,374,875,767,0,194,5600,0
São João da Lagoa,24873,10,1350,400,124,195,9000,68
São João da Mata,7823,3,202,95,5,5,2750,0
São João da Ponte,114925,0,3906,1772,322,22795,25300,0
São João das Missões,13507,0,1975,999,218,69,18650,0
São João del Rei,40499,22,1012,337,84,254,7300,0
São João do Manhuaçu,1397,0,80,223,157,0,3550,0
São João do Manteninha,10817,0,407,84,82,25,1550,0
São João do Oriente,9973,0,627,107,36,105,2875,0
São João do Pacuí,17679,0,1120,277,35,108,4900,0
São João do Paraíso,13865,0,550,733,211,305,22150,0
São João Evangelista,25150,366,672,182,45,120,6000,0
São João Nepomuceno,27011,10,757,49,151,157,4400,0
São Joaquim de Bicas,1471,6,224,56,31,63,800,0
São José da Barra,11844,106,295,5362,50,0,5000,0
São José da Lapa,1029,28,187,37,0,45,180,0
São José da Safira,7060,0,371,23,0,0,550,0
São José da Varginha,19458,1219,594,4041,0,0,2100,0
São José do Alegre,7601,48,250,76,0,35,1850,0
São José do Divino,21182,0,1053,132,75,132,1800,0
São José do Goiabal,12079,0,783,28,7,28,2500,0
São José do Jacuri,16258,175,556,249,14,17,2900,0
São José do Mantimento,2549,0,76,91,0,23,1275,0
São Lourenço,2206,0,293,15,37,17,615,0
São Miguel do Anta,6665,0,216,215,410,57,5500,0
São Pedro da União,13621,88,436,289,33,58,6100,0
São Pedro dos Ferros,18328,72,629,90,57,62,2550,0
São Pedro do Suaçuí,14892,18,475,156,34,6,2500,0
São Romão,33825,0,1477,595,98,392,11000,0
São Roque de Minas,61642,109,1007,270,57,65,13150,0
São Sebastião da Bela Vista,9413,75,459,57,28,142,1800,0
São Sebastião da Vargem Alegre,5945,0,185,46,18,0,750,0
São Sebastião do Anta,2025,0,28,157,0,2,3300,0
São Sebastião do Maranhão,23456,0,481,363,68,50,3700,0
São Sebastião do Oeste,28858,122,995,2225,0,29,8300,0
São Sebastião do Paraíso,34573,141,1138,296,155,222,66800,0
São Sebastião do Rio Preto,5399,457,513,64,16,0,1850,0
São Sebastião do Rio Verde,6704,0,324,220,39,98,2100,0
São Tiago,28389,721,848,273,0,67,21800,0
São Tomás de Aquino,7628,23,245,80,0,30,1550,0
São Tomé das Letras,14410,0,193,61,15,16,2400,0
São Vicente de Minas,16955,33,1041,300,30,95,2700,0
Sapucaí-Mirim,5391,37,604,89,0,189,700,0
Sardoá,4519,0,246,75,0,0,2150,0
Sarzedo,827,0,211,9,0,0,230,0
Setubinha,6714,0,680,378,116,121,11750,0
Sem-Peixe,11084,58,713,47,42,4,2350,0
Senador Amaral,4533,5,124,35,62,23,1500,0
Senador Cortes,6476,0,90,11,11,0,820,0
Senador Firmino,5925,0,229,63,0,0,900,0
Senador José Bento,7632,0,165,35,0,0,1400,0
Senador Modestino Gonçalves,8682,0,745,194,10,18,11700,0
Senhora de Oliveira,4820,0,176,107,0,37,3150,0
Senhora do Porto,16023,76,548,84,16,30,3000,0
Senhora dos Remédios,18374,0,487,388,104,39,6500,0
Sericita,5009,0,175,72,27,12,3100,0
Seritinga,6199,3,103,60,0,3,740,0
Serra Azul de Minas,9099,0,154,40,0,0,2150,0
Serra da Saudade,18446,133,580,159,0,0,1050,0
Serra dos Aimorés,17892,7,665,37,44,202,700,0
Serra do Salitre,56562,13,569,1182,0,40,3150,0
Serrania,9855,393,213,86,0,46,1300,0
Serranópolis de Minas,11008,0,617,368,193,223,31350,0
Serranos,10587,69,261,50,0,0,1450,0
Serro,31043,0,1032,249,22,56,12750,0
Sete Lagoas,18259,105,1420,1304,3,232,4000,0
Silveirânia,9143,0,531,36,20,120,400,0
Silvianópolis,27105,28,1023,195,194,225,3750,0
Simão Pereira,6521,85,350,28,66,73,550,0
Simonésia,7352,0,169,368,173,38,8700,0
Sobrália,16705,0,642,125,157,97,2750,0
Soledade de Minas,14872,183,694,71,84,1044,1550,0
Tabuleiro,12226,74,156,55,84,136,2500,0
Taiobeiras,15652,38,674,621,58,0,13900,7100
Taparuba,13057,0,332,87,39,18,2800,0
Tapira,42581,597,1055,348,104,64,6350,0
Tapiraí,19616,2477,670,178,0,45,2750,0
Taquaraçu de Minas,8335,11,525,31,63,40,3500,0
Tarumirim,43177,0,1339,324,137,251,8000,0
Teixeiras,8112,0,620,4757,88,41,4000,0
Teófilo Otoni,140631,139,4810,360,128,779,13250,0
Timóteo,1097,0,166,12,0,23,600,0
Tiradentes,2850,0,233,34,0,8,1850,0
Tiros,106210,255,1615,402,13,139,13250,0
Tocantins,11001,14,492,106,618,204,10650,0
Tocos do Moji,9943,0,195,78,23,18,2550,0
Toledo,7190,17,114,70,29,64,900,0
Tombos,20249,0,329,619,0,66,2600,0
Três Corações,38850,40,1515,307,101,174,7500,0
Três Marias,23708,0,1105,123,43,38,5600,0
Três Pontas,19675,213,1319,171,96,80,7500,0
Tumiritinga,23282,0,1205,147,139,89,3250,0
Tupaciguara,104347,127,2263,5990,84,2808,15650,0
Turmalina,3850,0,803,453,130,29,13200,0
Turvolândia,14551,6,187,182,0,34,2950,0
Ubá,17863,0,858,43,58,189,1300,0
Ubaí,29950,0,2566,540,80,306,14100,0
Ubaporanga,4847,0,380,177,185,60,5000,0
Uberaba,160230,614,6183,997,418,2228,181400,3500
Uberlândia,183179,104,5696,41308,2181,2591,967550,2500
Umburatiba,25746,28,1295,74,62,187,700,0
Unaí,270609,252,5964,1744,255,1230,57450,2500
União de Minas,108486,492,1238,271,136,1193,4300,0
Uruana de Minas,14770,0,1038,424,32,0,9000,0
Urucânia,4782,0,141,18244,40,0,3850,0
Urucuia,41266,9,3058,973,315,246,16700,0
Vargem Alegre,7369,65,380,57,230,47,2700,0
Vargem Bonita,14296,88,283,66,0,144,2900,0
Vargem Grande do Rio Pardo,3545,0,167,99,0,0,4700,0
Varginha,15041,224,966,88,6,74,2700,0
Varjão de Minas,32367,0,853,6164,0,36,5500,0
Várzea da Palma,82486,0,1736,496,28,525,9700,0
Varzelândia,23327,0,1220,593,164,77,11500,0
Vazante,84885,0,1502,1001,81,0,12700,0
Verdelândia,47762,94,2188,435,73,577,5000,0
Veredinha,3133,0,591,526,73,0,5900,0
Veríssimo,48801,253,1298,1432,150,438,14150,0
Vermelho Novo,3872,0,136,119,89,29,4600,0
Vespasiano,908,0,115,10,0,0,480,0
Viçosa,10917,13,870,292,363,317,48170,2675
Vieiras,13654,0,248,62,0,62,1768,0
Mathias Lobato,13370,70,489,12,0,77,650,0
Virgem da Lapa,16761,0,1160,319,121,19,11650,0
Virgínia,24625,18,951,213,66,108,8500,11450
Virginópolis,17145,801,410,106,31,80,3700,0
Virgolândia,14446,15,584,153,25,68,8500,0
Visconde do Rio Branco,19436,11,717,107,97,38,3300,0
Volta Grande,15540,0,300,21,0,1,600,0
Wenceslau Braz,7143,0,183,46,28,22,1100,0
