municipios,Total,Abacate,Algodão arbóreo (em caroço),Açaí,Azeitona,Banana (cacho),Borracha (látex coagulado),Borracha (látex líquido),Cacau (em amêndoa),Café (em grão) Total,Café (em grão) Arábica,Café (em grão) Canephora,Caju,Caqui,Castanha de caju,Chá da índia (folha verde),Coco da baía*,Dendê (cacho de coco),Erva mate (folha verde),Figo,Goiaba,Guaraná (semente),Laranja,Limão,Maçã,Mamão,Manga,Maracujá,Marmelo,Noz (fruto seco),Palmito,Pera,Pêssego,Pimenta do reino,Sisal ou agave (fibra),Tangerina,Tungue (fruto seco),Urucum (semente),Uva
Abadia dos Dourados,235,2,0,0,0,7,0,0,0,224,224,0,0,0,0,0,0,0,0,0,0,0,0,0,0,0,0,2,0,0,0,0,0,0,0,0,0,0,0
Abaeté,88,0,0,0,0,8,0,0,0,60,60,0,0,0,0,0,0,0,0,0,0,0,0,0,0,0,8,12,0,0,0,0,0,0,0,0,0,0,0
Abre Campo,4117,0,0,0,0,15,0,0,0,4100,4100,0,0,0,0,0,1,0,0,0,0,0,0,0,0,0,0,0,0,0,1,0,0,0,0,0,0,0,0
Acaiaca,9,0,0,0,0,4,0,0,0,4,4,0,0,0,0,0,0,0,0,0,0,0,1,0,0,0,0,0,0,0,0,0,0,0,0,0,0,0,0
Açucena,44,2,0,0,0,32,0,0,0,3,3,0,0,0,0,0,0,0,0,0,0,0,0,0,0,0,0,0,0,0,5,0,0,0,0,2,0,0,0
Água Boa,2715,2,0,0,0,100,0,0,0,2590,2310,280,0,0,0,0,2,0,0,0,0,0,7,2,0,0,0,1,0,0,0,0,0,9,0,2,0,0,0
Água Comprida,399,0,0,0,0,6,388,0,0,0,0,0,0,0,0,0,0,0,0,0,0,0,5,0,0,0,0,0,0,0,0,0,0,0,0,0,0,0,0
Aguanil,1957,20,0,0,0,13,0,0,0,1917,1917,0,0,0,0,0,0,0,0,0,0,0,2,3,0,0,1,1,0,0,0,0,0,0,0,0,0,0,0
Águas Formosas,23,0,0,0,0,5,0,0,0,0,0,0,0,0,0,0,8,0,0,0,0,0,0,0,0,0,0,2,0,0,0,0,0,8,0,0,0,0,0
Águas Vermelhas,866,0,0,0,0,60,0,0,0,798,798,0,0,0,0,0,5,0,0,0,0,0,3,0,0,0,0,0,0,0,0,0,0,0,0,0,0,0,0
Aimorés,1815,0,0,0,0,50,0,0,8,1650,680,970,0,0,0,0,80,0,0,0,1,0,4,3,0,0,8,0,0,0,0,0,0,7,0,4,0,0,0
Aiuruoca,51,0,0,0,40,0,0,0,0,10,10,0,0,0,0,0,0,0,0,0,0,0,0,0,1,0,0,0,0,0,0,0,0,0,0,0,0,0,0
Alagoa,42,0,0,0,42,0,0,0,0,0,0,0,0,0,0,0,0,0,0,0,0,0,0,0,0,0,0,0,0,0,0,0,0,0,0,0,0,0,0
Albertina,1500,0,0,0,0,0,0,0,0,1500,1500,0,0,0,0,0,0,0,0,0,0,0,0,0,0,0,0,0,0,0,0,0,0,0,0,0,0,0,0
Além Paraíba,4,0,0,0,0,4,0,0,0,0,0,0,0,0,0,0,0,0,0,0,0,0,0,0,0,0,0,0,0,0,0,0,0,0,0,0,0,0,0
Alfenas,12894,0,0,0,0,90,0,0,0,12785,12785,0,0,0,0,0,0,0,0,0,10,0,3,0,2,0,0,4,0,0,0,0,0,0,0,0,0,0,0
Alfredo Vasconcelos,79,10,0,0,0,4,0,0,0,0,0,0,0,8,0,0,0,0,0,0,20,0,2,1,10,0,2,5,0,0,0,0,15,0,0,0,0,0,2
Almenara,198,2,0,0,0,35,0,0,50,70,50,20,0,0,0,0,18,0,0,0,0,0,5,5,0,2,5,0,0,0,0,0,0,0,0,5,0,1,0
Alpercata,19,2,0,0,0,3,0,0,0,0,0,0,0,0,0,0,2,0,0,0,2,0,2,2,0,0,2,1,0,0,0,0,0,2,0,1,0,0,0
Alpinópolis,6608,0,0,0,0,0,0,0,0,6600,6600,0,0,0,0,0,0,0,0,0,0,0,0,2,0,0,0,2,0,0,0,0,0,0,0,0,0,0,4
Alterosa,5396,0,0,0,0,0,0,0,0,5335,5335,0,0,0,0,0,0,0,0,0,0,0,60,0,0,0,0,0,0,0,0,0,0,0,0,0,0,0,1
Alto Caparaó,2556,2,0,0,0,4,0,0,0,2550,2550,0,0,0,0,0,0,0,0,0,0,0,0,0,0,0,0,0,0,0,0,0,0,0,0,0,0,0,0
Alto Rio Doce,78,7,0,0,0,3,0,0,0,0,0,0,0,0,0,0,0,0,0,0,0,0,0,0,0,0,0,0,0,0,0,0,0,0,0,67,0,0,1
Alvarenga,50,0,0,0,0,23,0,0,0,16,8,8,0,0,0,0,9,0,0,0,0,0,2,0,0,0,0,0,0,0,0,0,0,0,0,0,0,0,0
Alvinópolis,7,0,0,0,0,7,0,0,0,0,0,0,0,0,0,0,0,0,0,0,0,0,0,0,0,0,0,0,0,0,0,0,0,0,0,0,0,0,0
Alvorada de Minas,13,0,0,0,0,13,0,0,0,0,0,0,0,0,0,0,0,0,0,0,0,0,0,0,0,0,0,0,0,0,0,0,0,0,0,0,0,0,0
Amparo do Serra,386,0,0,0,0,21,0,0,0,360,360,0,0,0,0,0,0,0,0,0,0,0,0,2,0,0,0,0,0,0,0,0,0,0,0,1,0,0,2
Andradas,7752,8,0,0,40,720,0,0,0,6900,6900,0,0,0,0,0,0,0,0,0,0,0,0,1,0,0,0,2,0,0,0,0,6,0,0,5,0,0,70
Cachoeira de Pajeú,18,0,0,0,0,7,0,0,0,0,0,0,0,0,0,0,1,0,0,0,0,0,3,2,0,1,1,0,0,0,0,0,0,0,0,0,0,3,0
Andrelândia,564,0,0,0,0,0,0,0,0,310,310,0,0,0,0,0,0,0,0,0,0,0,210,0,0,0,0,2,0,0,0,0,0,0,0,40,0,0,2
Angelândia,3764,0,0,0,0,21,0,0,0,3720,3720,0,0,0,0,0,0,0,0,0,1,0,5,1,0,0,0,0,0,0,0,0,0,0,0,0,0,15,1
Antônio Carlos,237,10,0,0,14,1,0,0,0,0,0,0,0,150,0,0,0,0,0,0,13,0,2,0,20,0,0,2,0,0,0,0,17,0,0,6,0,0,2
Antônio Dias,55,0,0,0,0,11,0,0,0,44,44,0,0,0,0,0,0,0,0,0,0,0,0,0,0,0,0,0,0,0,0,0,0,0,0,0,0,0,0
Antônio Prado de Minas,39,0,0,0,0,2,0,0,0,37,30,7,0,0,0,0,0,0,0,0,0,0,0,0,0,0,0,0,0,0,0,0,0,0,0,0,0,0,0
Araçaí,18,2,0,0,0,6,0,0,0,0,0,0,0,0,0,0,0,0,0,0,0,0,0,6,0,1,3,0,0,0,0,0,0,0,0,0,0,0,0
Aracitaba,16,0,0,0,0,16,0,0,0,0,0,0,0,0,0,0,0,0,0,0,0,0,0,0,0,0,0,0,0,0,0,0,0,0,0,0,0,0,0
Araçuaí,430,0,0,0,0,380,0,0,0,0,0,0,0,0,0,0,5,0,0,0,0,0,8,1,0,0,31,0,0,0,0,0,0,5,0,0,0,0,0
Araguari,13958,12,0,0,0,215,310,0,0,13175,13175,0,0,0,0,0,72,0,0,0,8,0,7,6,0,15,25,85,0,0,22,0,0,1,0,2,0,0,3
Arantina,3,0,0,0,0,0,0,0,0,0,0,0,0,0,0,0,0,0,0,0,0,0,0,0,3,0,0,0,0,0,0,0,0,0,0,0,0,0,0
Araponga,4423,6,0,0,0,11,0,0,0,4400,4400,0,0,0,0,0,0,0,0,0,0,0,0,0,0,0,0,6,0,0,0,0,0,0,0,0,0,0,0
Araporã,10,0,0,0,0,10,0,0,0,0,0,0,0,0,0,0,0,0,0,0,0,0,0,0,0,0,0,0,0,0,0,0,0,0,0,0,0,0,0
Arapuá,773,2,0,0,0,0,0,0,0,770,770,0,0,0,0,0,0,0,0,0,0,0,0,1,0,0,0,0,0,0,0,0,0,0,0,0,0,0,0
Araújos,4,1,0,0,0,1,0,0,0,0,0,0,0,0,0,0,0,0,0,0,0,0,0,0,0,0,2,0,0,0,0,0,0,0,0,0,0,0,0
Araxá,3483,52,0,0,0,0,0,0,0,3403,3403,0,0,0,0,0,0,0,0,0,1,0,20,4,0,0,2,0,0,0,0,0,0,0,0,1,0,0,0
Arceburgo,1826,2,0,0,0,4,0,0,0,1740,1740,0,0,0,0,0,0,0,0,0,0,0,80,0,0,0,0,0,0,0,0,0,0,0,0,0,0,0,0
Arcos,5,0,0,0,0,5,0,0,0,0,0,0,0,0,0,0,0,0,0,0,0,0,0,0,0,0,0,0,0,0,0,0,0,0,0,0,0,0,0
Areado,2918,0,0,0,0,65,0,0,0,2850,2850,0,0,0,0,0,0,0,0,0,3,0,0,0,0,0,0,0,0,0,0,0,0,0,0,0,0,0,0
Argirita,31,0,0,0,0,28,0,0,0,0,0,0,0,0,0,0,1,0,0,0,0,0,0,0,0,0,0,2,0,0,0,0,0,0,0,0,0,0,0
Aricanduva,822,0,0,0,0,7,0,0,0,815,815,0,0,0,0,0,0,0,0,0,0,0,0,0,0,0,0,0,0,0,0,0,0,0,0,0,0,0,0
Arinos,15,0,0,0,0,4,0,0,0,0,0,0,0,0,0,0,0,0,0,0,0,0,0,0,0,10,0,1,0,0,0,0,0,0,0,0,0,0,0
Astolfo Dutra,259,37,0,0,0,0,2,0,0,8,8,0,0,0,0,0,9,0,0,0,4,0,2,2,0,0,112,3,0,0,0,0,0,0,0,80,0,0,0
Ataléia,163,0,0,0,0,27,0,0,0,95,85,10,0,0,0,0,2,0,0,0,0,0,10,4,0,0,0,0,0,0,0,0,0,25,0,0,0,0,0
Augusto de Lima,68,3,0,0,0,15,0,0,0,0,0,0,0,0,0,0,0,0,0,0,0,0,2,0,0,0,45,0,0,0,0,0,0,0,0,3,0,0,0
Baependi,931,0,0,0,20,5,0,0,0,905,905,0,0,0,0,0,0,0,0,0,0,0,1,0,0,0,0,0,0,0,0,0,0,0,0,0,0,0,0
Baldim,256,3,0,0,0,50,0,0,0,0,0,0,0,0,0,0,0,0,0,0,0,0,3,15,0,3,170,10,0,0,0,0,0,0,0,2,0,0,0
Bambuí,3001,0,0,0,0,18,0,0,0,2920,2920,0,0,0,0,0,0,0,0,0,0,0,45,0,0,0,0,8,0,0,0,0,0,0,0,10,0,0,0
Bandeira,74,0,0,0,0,7,0,0,25,40,40,0,0,0,0,0,2,0,0,0,0,0,0,0,0,0,0,0,0,0,0,0,0,0,0,0,0,0,0
Bandeira do Sul,372,0,0,0,0,2,0,0,0,370,370,0,0,0,0,0,0,0,0,0,0,0,0,0,0,0,0,0,0,0,0,0,0,0,0,0,0,0,0
Barão de Cocais,48,0,0,0,0,45,0,0,0,0,0,0,0,0,0,0,0,0,0,0,1,0,0,0,0,0,0,0,0,0,0,0,0,1,0,1,0,0,0
Barão do Monte Alto,29,0,0,0,0,0,25,0,0,0,0,0,0,0,0,0,0,0,0,0,0,0,2,1,0,0,0,0,0,0,0,0,0,0,0,1,0,0,0
Barbacena,608,44,0,0,32,50,0,0,0,0,0,0,0,79,0,0,0,0,0,1,80,0,15,1,63,2,4,6,0,0,0,4,200,0,0,24,0,0,3
Barra Longa,8,0,0,0,0,7,0,0,0,0,0,0,0,0,0,0,0,0,0,0,0,0,0,0,0,0,0,1,0,0,0,0,0,0,0,0,0,0,0
Barroso,10,0,0,0,0,10,0,0,0,0,0,0,0,0,0,0,0,0,0,0,0,0,0,0,0,0,0,0,0,0,0,0,0,0,0,0,0,0,0
Bela Vista de Minas,0,0,0,0,0,0,0,0,0,0,0,0,0,0,0,0,0,0,0,0,0,0,0,0,0,0,0,0,0,0,0,0,0,0,0,0,0,0,0
Belmiro Braga,18,2,0,0,0,10,0,0,0,0,0,0,0,0,0,0,0,0,0,0,1,0,1,3,0,0,1,0,0,0,0,0,0,0,0,0,0,0,0
Belo Horizonte,0,0,0,0,0,0,0,0,0,0,0,0,0,0,0,0,0,0,0,0,0,0,0,0,0,0,0,0,0,0,0,0,0,0,0,0,0,0,0
Belo Oriente,28,0,0,0,0,11,0,0,0,0,0,0,0,0,0,0,3,0,0,0,2,0,1,7,0,0,1,1,0,0,0,0,0,0,0,2,0,0,0
Belo Vale,2805,10,0,0,0,8,0,0,0,0,0,0,0,0,0,0,0,0,0,0,0,0,12,8,0,0,2,12,0,0,0,0,0,0,0,2750,0,0,3
Berilo,212,0,0,0,0,15,0,0,0,176,176,0,0,0,0,0,12,0,0,0,0,0,4,0,0,1,0,0,0,0,0,0,0,0,0,2,0,0,2
Bertópolis,2,0,0,0,0,0,0,0,0,0,0,0,0,0,0,0,0,0,0,0,0,0,0,0,0,0,0,0,0,0,0,0,0,0,0,2,0,0,0
Berizal,321,0,0,0,0,10,0,0,0,310,310,0,0,0,0,0,0,0,0,0,0,0,1,0,0,0,0,0,0,0,0,0,0,0,0,0,0,0,0
Betim,20,0,0,0,0,7,0,0,0,0,0,0,0,0,0,0,0,0,0,0,0,0,3,4,0,1,0,1,0,0,0,0,0,0,0,2,0,0,2
Bias Fortes,3,1,0,0,0,2,0,0,0,0,0,0,0,0,0,0,0,0,0,0,0,0,0,0,0,0,0,0,0,0,0,0,0,0,0,0,0,0,0
Bicas,3,0,0,0,0,3,0,0,0,0,0,0,0,0,0,0,0,0,0,0,0,0,0,0,0,0,0,0,0,0,0,0,0,0,0,0,0,0,0
Biquinhas,281,0,0,0,0,2,18,0,0,256,256,0,0,0,0,0,0,0,0,0,0,0,1,0,0,0,1,1,0,0,0,0,0,0,0,2,0,0,0
Boa Esperança,8669,1,0,0,0,8,0,0,0,8630,8630,0,0,0,0,0,0,0,0,0,0,0,8,5,0,0,0,0,0,0,0,0,0,0,0,3,0,0,14
Bocaina de Minas,11,0,0,0,11,0,0,0,0,0,0,0,0,0,0,0,0,0,0,0,0,0,0,0,0,0,0,0,0,0,0,0,0,0,0,0,0,0,0
Bocaiúva,359,1,0,0,0,75,0,0,0,182,182,0,0,0,0,0,9,0,0,0,0,0,20,5,0,1,23,3,0,0,0,0,0,32,0,5,0,1,2
Bom Despacho,107,4,0,0,0,3,24,0,0,0,0,0,0,0,0,0,0,0,0,0,0,0,70,2,0,0,0,3,0,0,0,0,0,0,0,1,0,0,0
Bom Jardim de Minas,2,2,0,0,0,0,0,0,0,0,0,0,0,0,0,0,0,0,0,0,0,0,0,0,0,0,0,0,0,0,0,0,0,0,0,0,0,0,0
Bom Jesus da Penha,2536,36,0,0,0,0,0,0,0,2500,2500,0,0,0,0,0,0,0,0,0,0,0,0,0,0,0,0,0,0,0,0,0,0,0,0,0,0,0,0
Bom Jesus do Amparo,111,0,0,0,0,87,0,0,0,4,4,0,0,0,0,0,0,0,0,0,0,0,0,2,0,0,0,5,0,0,0,0,0,0,0,13,0,0,0
Bom Jesus do Galho,1070,1,0,0,0,51,0,0,0,1000,1000,0,0,0,0,0,10,0,0,0,0,0,2,3,0,0,0,2,0,0,0,0,0,0,0,1,0,0,0
Bom Repouso,35,1,0,0,0,2,0,0,0,14,14,0,0,4,0,0,0,0,0,0,0,0,7,0,5,0,1,0,0,0,0,0,0,0,0,0,0,0,1
Bom Sucesso,3493,0,0,0,0,0,0,0,0,3490,3490,0,0,0,0,0,0,0,0,0,0,0,3,0,0,0,0,0,0,0,0,0,0,0,0,0,0,0,0
Bonfim,576,20,0,0,0,3,0,0,0,0,0,0,0,0,0,0,1,0,0,0,0,0,20,2,0,0,20,30,0,0,0,0,0,0,0,480,0,0,0
Bonfinópolis de Minas,836,0,0,0,0,1,0,0,0,760,760,0,0,0,0,0,0,0,0,0,0,0,50,0,0,0,0,25,0,0,0,0,0,0,0,0,0,0,0
Bonito de Minas,14,0,0,0,0,4,0,0,0,0,0,0,0,0,0,0,10,0,0,0,0,0,0,0,0,0,0,0,0,0,0,0,0,0,0,0,0,0,0
Borda da Mata,419,0,0,0,0,16,0,0,0,400,400,0,0,0,0,0,0,0,0,0,0,0,1,0,0,0,0,0,0,0,0,0,0,0,0,1,0,0,1
Botelhos,7072,2,0,0,0,75,0,0,0,6875,6875,0,0,0,0,0,0,0,0,0,0,0,0,120,0,0,0,0,0,0,0,0,0,0,0,0,0,0,0
Botumirim,100,1,0,0,0,40,0,0,0,40,40,0,0,0,0,0,0,0,0,0,0,0,3,0,0,0,2,12,0,0,0,0,0,0,0,2,0,0,0
Brasilândia de Minas,26,0,0,0,0,15,0,0,0,0,0,0,0,0,0,0,0,0,0,0,0,0,0,0,0,0,2,0,0,0,0,0,0,4,0,0,0,0,5
Brasília de Minas,2,0,0,0,0,0,0,0,0,0,0,0,0,0,0,0,0,0,0,0,0,0,1,0,0,0,0,0,0,0,0,0,0,0,0,1,0,0,0
Brás Pires,0,0,0,0,0,0,0,0,0,0,0,0,0,0,0,0,0,0,0,0,0,0,0,0,0,0,0,0,0,0,0,0,0,0,0,0,0,0,0
Braúnas,16,0,0,0,0,13,0,0,0,0,0,0,0,0,0,0,0,0,0,0,0,0,3,0,0,0,0,0,0,0,0,0,0,0,0,0,0,0,0
Brazópolis,2189,0,0,0,6,1700,0,0,0,411,411,0,0,0,0,0,0,0,0,5,0,0,51,0,0,0,0,0,0,0,0,0,0,0,0,16,0,0,0
Brumadinho,1556,1,0,0,0,10,0,0,0,0,0,0,0,0,0,0,0,0,0,0,1,0,115,13,0,0,4,12,0,0,0,0,0,0,0,1400,0,0,0
Bueno Brandão,2159,20,0,0,0,28,0,0,0,2040,2040,0,0,0,0,0,0,0,0,0,0,0,30,1,0,0,0,0,0,0,0,0,3,0,0,35,0,0,2
Buenópolis,98,0,0,0,0,8,0,0,0,0,0,0,0,0,0,0,30,0,0,0,0,0,1,0,0,0,58,0,0,0,0,0,0,0,0,0,0,0,1
Bugre,60,1,0,0,0,45,0,0,0,0,0,0,0,0,0,0,11,0,0,0,0,0,0,3,0,0,0,0,0,0,0,0,0,0,0,0,0,0,0
Buritis,1277,0,0,0,0,12,0,0,0,929,929,0,0,0,0,0,0,0,0,0,0,0,245,0,0,70,0,21,0,0,0,0,0,0,0,0,0,0,0
Buritizeiro,1228,0,0,0,0,7,0,0,0,1170,1170,0,0,0,0,0,0,0,0,0,0,0,30,5,0,3,0,5,0,0,0,0,0,0,0,0,0,0,8
Cabeceira Grande,8,0,0,0,0,0,0,0,0,0,0,0,0,0,0,0,0,0,0,0,0,0,0,0,0,1,0,7,0,0,0,0,0,0,0,0,0,0,0
Cabo Verde,9108,0,0,0,0,8,0,0,0,9100,9100,0,0,0,0,0,0,0,0,0,0,0,0,0,0,0,0,0,0,0,0,0,0,0,0,0,0,0,0
Cachoeira da Prata,0,0,0,0,0,0,0,0,0,0,0,0,0,0,0,0,0,0,0,0,0,0,0,0,0,0,0,0,0,0,0,0,0,0,0,0,0,0,0
Cachoeira de Minas,1303,2,0,0,0,14,0,0,0,1280,1280,0,0,2,0,0,0,0,0,0,2,0,0,0,0,0,0,0,0,0,0,0,0,0,0,1,0,0,2
Cachoeira Dourada,3,0,0,0,0,3,0,0,0,0,0,0,0,0,0,0,0,0,0,0,0,0,0,0,0,0,0,0,0,0,0,0,0,0,0,0,0,0,0
Caetanópolis,3,0,0,0,0,0,0,0,0,0,0,0,0,0,0,0,3,0,0,0,0,0,0,0,0,0,0,0,0,0,0,0,0,0,0,0,0,0,0
Caeté,288,0,0,0,0,240,0,0,0,10,10,0,0,0,0,0,0,0,0,0,0,0,4,2,0,0,4,0,0,0,0,0,0,0,0,28,0,0,0
Caiana,3530,0,0,0,0,30,0,0,0,3500,3500,0,0,0,0,0,0,0,0,0,0,0,0,0,0,0,0,0,0,0,0,0,0,0,0,0,0,0,0
Cajuri,932,0,0,0,0,70,0,0,0,850,850,0,0,0,0,0,0,0,0,0,0,0,4,5,0,0,0,2,0,0,0,0,0,0,0,1,0,0,0
Caldas,1472,20,0,0,20,7,0,0,0,1300,1300,0,0,0,0,0,0,0,0,4,2,0,2,0,0,0,2,0,0,0,0,0,15,0,0,0,0,0,100
Camacho,2722,0,0,0,0,2,0,0,0,2710,2710,0,0,0,0,0,0,0,0,0,0,0,0,0,0,0,0,0,0,0,0,0,0,0,0,10,0,0,0
Camanducaia,45,1,0,0,25,9,0,0,0,0,0,0,0,0,0,0,0,0,0,0,0,0,0,6,0,0,0,0,0,0,0,0,0,0,0,2,0,0,2
Cambuí,53,1,0,0,10,15,0,0,0,8,8,0,0,0,0,0,0,0,0,0,2,0,9,0,0,0,0,1,0,0,0,0,0,0,0,4,0,0,3
Cambuquira,3671,40,0,0,0,15,0,0,0,3000,3000,0,0,0,0,0,0,0,0,0,0,0,45,6,0,0,15,0,0,0,0,0,0,0,0,550,0,0,0
Campanário,4,2,0,0,0,2,0,0,0,0,0,0,0,0,0,0,0,0,0,0,0,0,0,0,0,0,0,0,0,0,0,0,0,0,0,0,0,0,0
Campanha,6698,20,0,0,0,6,0,0,0,3336,3336,0,0,35,0,0,0,0,0,0,2,0,630,30,3,0,2,2,0,0,0,0,17,0,0,2600,0,0,15
Campestre,12757,18,0,0,5,150,0,0,0,12480,12480,0,0,0,0,0,0,0,0,4,1,0,70,0,2,0,0,3,0,0,0,0,10,0,0,10,0,0,4
Campina Verde,1761,6,0,0,0,90,650,0,0,0,0,0,0,0,0,0,0,0,0,0,8,0,930,25,0,0,1,5,0,0,6,0,0,0,0,38,0,0,2
Campo Azul,0,0,0,0,0,0,0,0,0,0,0,0,0,0,0,0,0,0,0,0,0,0,0,0,0,0,0,0,0,0,0,0,0,0,0,0,0,0,0
Campo Belo,2518,4,0,0,0,5,0,0,0,2500,2500,0,0,0,0,0,0,0,0,0,0,0,3,0,0,1,0,0,0,0,0,0,0,0,0,5,0,0,0
Campo do Meio,4451,2,0,0,0,28,0,0,0,4418,4418,0,0,0,0,0,0,0,0,0,3,0,0,0,0,0,0,0,0,0,0,0,0,0,0,0,0,0,0
Campo Florido,312,5,0,0,0,0,187,0,0,0,0,0,0,0,0,0,0,0,0,0,0,0,100,0,0,0,10,0,0,0,7,0,0,0,0,3,0,0,0
Campos Altos,10491,380,0,0,0,0,0,0,0,10070,10070,0,0,0,0,0,0,0,0,0,0,0,0,0,0,0,40,0,0,0,0,0,0,0,0,0,0,0,1
Campos Gerais,19223,160,0,0,0,13,0,0,0,19000,19000,0,0,0,0,0,0,0,0,0,0,0,3,0,0,0,0,0,0,0,0,0,0,0,0,45,0,0,2
Canaã,967,0,0,0,0,4,0,0,0,960,960,0,0,0,0,0,0,0,0,0,0,0,0,0,0,0,0,2,0,0,0,0,0,0,0,1,0,0,0
Canápolis,909,0,0,0,0,750,108,0,0,0,0,0,0,0,0,0,0,0,0,0,0,0,48,0,0,0,0,2,0,0,0,0,0,0,0,1,0,0,0
Cana Verde,645,0,0,0,0,3,0,0,0,620,620,0,0,0,0,0,2,0,0,0,0,0,0,0,0,0,0,0,0,0,0,0,0,0,0,20,0,0,0
Candeias,6093,0,0,0,0,20,0,0,0,6070,6070,0,0,0,0,0,0,0,0,0,0,0,3,0,0,0,0,0,0,0,0,0,0,0,0,0,0,0,0
Cantagalo,21,1,0,0,0,20,0,0,0,0,0,0,0,0,0,0,0,0,0,0,0,0,0,0,0,0,0,0,0,0,0,0,0,0,0,0,0,0,0
Caparaó,5580,0,0,0,0,0,0,0,0,5580,5580,0,0,0,0,0,0,0,0,0,0,0,0,0,0,0,0,0,0,0,0,0,0,0,0,0,0,0,0
Capela Nova,541,0,0,0,0,0,0,0,0,405,405,0,0,0,0,0,0,0,0,0,0,0,3,0,0,0,0,0,0,0,0,0,0,0,0,130,0,0,3
Capelinha,7213,0,0,0,0,135,0,0,0,7033,7033,0,0,0,0,0,0,0,0,0,0,0,24,4,0,1,3,2,0,0,0,0,0,2,0,2,0,6,1
Capetinga,5944,50,0,0,0,0,0,0,0,5890,5890,0,0,1,0,0,0,0,0,0,0,0,2,0,0,0,0,1,0,0,0,0,0,0,0,0,0,0,0
Capim Branco,2,1,0,0,0,1,0,0,0,0,0,0,0,0,0,0,0,0,0,0,0,0,0,0,0,0,0,0,0,0,0,0,0,0,0,0,0,0,0
Capinópolis,11,0,0,0,0,7,0,0,0,0,0,0,0,0,0,0,0,0,0,0,0,0,0,0,0,0,0,0,0,0,1,0,0,0,0,0,0,0,3
Capitão Andrade,2,0,0,0,0,0,0,0,0,0,0,0,0,0,0,0,2,0,0,0,0,0,0,0,0,0,0,0,0,0,0,0,0,0,0,0,0,0,0
Capitão Enéas,912,1,0,0,0,690,0,0,0,1,1,0,0,0,0,0,1,0,0,0,0,0,0,0,0,218,0,0,0,0,0,0,0,0,0,0,0,1,0
Capitólio,2136,40,0,0,0,13,0,0,0,1800,1800,0,0,0,0,0,0,0,0,0,0,0,2,0,0,0,0,0,0,0,0,0,0,0,0,280,0,0,1
Caputira,4629,2,0,0,0,7,0,0,0,4620,4620,0,0,0,0,0,0,0,0,0,0,0,0,0,0,0,0,0,0,0,0,0,0,0,0,0,0,0,0
Caraí,578,0,0,0,0,50,0,0,0,500,500,0,0,0,0,0,2,0,0,0,0,0,18,0,0,0,0,0,0,0,0,0,0,0,0,1,0,7,0
Caranaíba,47,0,0,0,0,2,0,0,0,40,40,0,0,0,0,0,0,0,0,0,0,0,1,0,0,0,0,0,0,0,0,0,0,0,0,0,0,0,4
Carandaí,119,8,0,0,0,5,0,0,0,40,40,0,0,6,0,0,0,0,0,0,6,0,2,4,10,0,2,2,0,0,0,0,12,0,0,20,0,0,2
Carangola,4544,0,0,0,0,310,0,0,0,4225,4225,0,0,0,0,0,1,0,0,1,0,0,0,0,0,0,0,0,0,0,5,0,0,0,0,2,0,0,0
Caratinga,12395,11,0,0,0,350,0,0,0,11930,11930,0,0,0,0,0,3,0,0,0,2,0,29,13,0,0,10,4,0,0,15,0,0,0,0,28,0,0,0
Carbonita,43,0,0,0,0,8,0,0,0,30,30,0,0,0,0,0,0,0,0,0,0,0,2,0,0,2,0,0,0,0,0,0,0,0,0,0,0,1,0
Careaçu,1188,0,0,0,0,4,0,0,0,1180,1180,0,0,0,0,0,0,0,0,0,0,0,0,0,0,0,0,0,0,0,0,0,0,0,0,0,0,0,4
Carlos Chagas,11,0,0,0,0,6,0,0,0,0,0,0,0,0,0,0,0,0,0,0,0,0,1,0,0,0,1,0,0,0,0,0,0,0,0,0,0,3,0
Carmésia,0,0,0,0,0,0,0,0,0,0,0,0,0,0,0,0,0,0,0,0,0,0,0,0,0,0,0,0,0,0,0,0,0,0,0,0,0,0,0
Carmo da Cachoeira,12584,550,0,0,0,0,0,0,0,12000,12000,0,0,0,0,0,0,0,0,0,0,0,7,10,0,0,7,0,0,0,0,0,0,0,0,10,0,0,0
Carmo da Mata,933,0,0,0,0,3,0,0,0,900,900,0,0,0,0,0,0,0,0,0,0,0,0,0,0,0,12,0,0,0,0,0,0,0,0,18,0,0,0
Carmo de Minas,3496,1,0,0,0,140,0,0,0,3350,3350,0,0,0,0,0,0,0,0,0,2,0,3,0,0,0,0,0,0,0,0,0,0,0,0,0,0,0,0
Carmo do Cajuru,37,0,0,0,0,5,0,0,0,0,0,0,0,0,0,0,1,0,0,0,28,0,1,0,0,0,1,0,0,0,0,0,0,0,0,1,0,0,0
Carmo do Paranaíba,11624,8,0,0,0,6,0,0,0,11540,11540,0,0,0,0,0,0,0,0,0,0,0,0,0,0,0,0,70,0,0,0,0,0,0,0,0,0,0,0
Carmo do Rio Claro,11615,0,0,0,0,2,0,0,0,11500,11500,0,0,0,0,0,0,0,0,0,0,0,109,0,0,0,0,0,0,0,4,0,0,0,0,0,0,0,0
Carmópolis de Minas,187,50,0,0,0,6,0,0,0,100,100,0,0,0,0,0,3,0,0,0,0,0,10,3,0,0,0,10,0,0,0,0,0,0,0,5,0,0,0
Carneirinho,569,0,0,0,0,150,405,0,0,0,0,0,0,0,0,0,4,0,0,0,0,0,6,0,0,0,0,0,0,0,2,0,0,0,0,2,0,0,0
Carrancas,28,0,0,0,0,0,0,0,0,28,28,0,0,0,0,0,0,0,0,0,0,0,0,0,0,0,0,0,0,0,0,0,0,0,0,0,0,0,0
Carvalhópolis,1901,0,0,0,0,0,0,0,0,1900,1900,0,0,0,0,0,0,0,0,0,0,0,0,0,0,0,0,1,0,0,0,0,0,0,0,0,0,0,0
Carvalhos,0,0,0,0,0,0,0,0,0,0,0,0,0,0,0,0,0,0,0,0,0,0,0,0,0,0,0,0,0,0,0,0,0,0,0,0,0,0,0
Casa Grande,71,2,0,0,0,0,0,0,0,67,67,0,0,0,0,0,0,0,0,0,0,0,0,0,0,0,0,2,0,0,0,0,0,0,0,0,0,0,0
Cascalho Rico,498,1,0,0,0,1,0,0,0,490,490,0,0,0,0,0,0,0,0,0,0,0,0,0,0,0,0,6,0,0,0,0,0,0,0,0,0,0,0
Cássia,6016,20,0,0,0,320,30,0,0,5590,5590,0,0,0,0,0,0,0,0,0,0,0,0,0,0,0,0,0,0,0,0,0,0,0,0,0,0,56,0
Conceição da Barra de Minas,277,0,0,0,0,2,0,0,0,275,275,0,0,0,0,0,0,0,0,0,0,0,0,0,0,0,0,0,0,0,0,0,0,0,0,0,0,0,0
Cataguases,124,0,0,0,0,10,105,0,0,2,2,0,0,0,0,0,1,0,0,0,1,0,2,0,0,0,0,0,0,0,0,0,0,0,0,3,0,0,0
Catas Altas,31,0,0,0,0,10,0,0,0,11,5,6,0,0,0,0,0,0,0,0,0,0,1,3,0,0,0,0,0,0,4,0,0,0,0,0,0,0,2
Catas Altas da Noruega,59,0,0,0,15,20,0,0,0,10,10,0,0,0,0,0,0,0,0,0,0,0,8,0,0,0,0,0,0,0,0,0,0,0,0,6,0,0,0
Catuji,147,0,0,0,0,20,30,0,0,65,65,0,0,0,0,0,2,0,0,0,1,0,3,2,0,1,12,0,0,0,1,0,0,0,0,0,0,10,0
Catuti,0,0,0,0,0,0,0,0,0,0,0,0,0,0,0,0,0,0,0,0,0,0,0,0,0,0,0,0,0,0,0,0,0,0,0,0,0,0,0
Caxambu,98,0,0,0,0,0,0,0,0,98,98,0,0,0,0,0,0,0,0,0,0,0,0,0,0,0,0,0,0,0,0,0,0,0,0,0,0,0,0
Cedro do Abaeté,0,0,0,0,0,0,0,0,0,0,0,0,0,0,0,0,0,0,0,0,0,0,0,0,0,0,0,0,0,0,0,0,0,0,0,0,0,0,0
Central de Minas,17,0,0,0,0,6,0,0,0,3,0,3,0,0,0,0,5,0,0,0,0,0,0,0,0,0,0,0,0,0,0,0,0,3,0,0,0,0,0
Centralina,218,0,0,0,0,162,56,0,0,0,0,0,0,0,0,0,0,0,0,0,0,0,0,0,0,0,0,0,0,0,0,0,0,0,0,0,0,0,0
Chácara,5,0,0,0,0,3,0,0,0,2,2,0,0,0,0,0,0,0,0,0,0,0,0,0,0,0,0,0,0,0,0,0,0,0,0,0,0,0,0
Chalé,2447,0,0,0,0,4,0,0,0,2435,2380,55,0,0,0,0,8,0,0,0,0,0,0,0,0,0,0,0,0,0,0,0,0,0,0,0,0,0,0
Chapada do Norte,8,0,0,0,0,4,0,0,0,0,0,0,0,0,0,0,1,0,0,0,0,0,3,0,0,0,0,0,0,0,0,0,0,0,0,0,0,0,0
Chapada Gaúcha,452,0,0,0,0,2,450,0,0,0,0,0,0,0,0,0,0,0,0,0,0,0,0,0,0,0,0,0,0,0,0,0,0,0,0,0,0,0,0
Chiador,25,0,0,0,0,0,0,0,0,0,0,0,0,0,0,0,0,0,0,0,0,0,0,0,0,25,0,0,0,0,0,0,0,0,0,0,0,0,0
Cipotânea,56,0,0,0,0,25,0,0,0,30,30,0,0,0,0,0,0,0,0,0,0,0,0,0,0,0,0,1,0,0,0,0,0,0,0,0,0,0,0
Claraval,3652,0,0,0,0,13,39,0,0,3600,3600,0,0,0,0,0,0,0,0,0,0,0,0,0,0,0,0,0,0,0,0,0,0,0,0,0,0,0,0
Claro dos Poções,157,0,0,0,0,129,0,0,0,0,0,0,0,0,0,0,2,0,0,0,0,0,0,0,0,0,3,3,0,0,0,0,0,0,0,5,0,0,15
Cláudio,425,40,0,0,0,4,0,0,0,316,316,0,0,0,0,0,0,0,0,0,2,0,10,2,0,0,1,0,0,0,0,0,0,0,0,50,0,0,0
Coimbra,432,0,0,0,0,32,0,0,0,395,395,0,0,0,0,0,0,0,0,0,0,0,5,0,0,0,0,0,0,0,0,0,0,0,0,0,0,0,0
Coluna,48,0,0,0,0,29,0,0,0,3,3,0,0,0,0,0,0,0,0,0,0,0,0,1,0,0,0,1,0,0,0,0,0,0,0,0,0,14,0
Comendador Gomes,8308,0,0,0,0,0,790,0,0,0,0,0,0,0,0,0,0,0,0,0,0,0,7500,0,0,0,18,0,0,0,0,0,0,0,0,0,0,0,0
Comercinho,21,0,0,0,0,0,0,0,0,17,17,0,0,0,0,0,1,0,0,0,0,0,3,0,0,0,0,0,0,0,0,0,0,0,0,0,0,0,0
Conceição da Aparecida,9001,0,0,0,0,0,0,0,0,9000,9000,0,0,0,0,0,0,0,0,0,0,0,0,0,0,0,0,0,0,0,0,0,0,0,0,0,0,0,1
Conceição das Pedras,2147,0,0,0,0,348,0,0,0,1795,1795,0,0,0,0,0,0,0,0,0,0,0,4,0,0,0,0,0,0,0,0,0,0,0,0,0,0,0,0
Conceição das Alagoas,392,55,0,0,0,4,7,0,0,12,12,0,0,0,0,0,0,0,0,0,0,0,210,1,0,0,80,3,0,0,0,0,0,0,0,20,0,0,0
Conceição de Ipanema,985,9,0,0,0,12,0,0,0,945,865,80,0,0,0,0,9,0,0,0,0,0,2,0,0,0,4,3,0,0,0,0,0,0,0,1,0,0,0
Conceição do Mato Dentro,38,0,0,0,0,32,0,0,0,0,0,0,0,0,0,0,0,0,0,0,2,0,3,0,0,0,1,0,0,0,0,0,0,0,0,0,0,0,0
Conceição do Pará,4,0,0,0,0,2,0,0,0,0,0,0,0,0,0,0,0,0,0,0,0,0,0,0,0,0,0,0,0,0,0,0,0,0,0,0,0,0,2
Conceição do Rio Verde,4335,0,0,0,0,0,0,0,0,4300,4300,0,0,0,0,0,0,0,0,0,0,0,0,0,0,0,0,0,0,0,0,0,0,0,0,35,0,0,0
Conceição dos Ouros,292,0,0,0,0,26,0,0,0,260,260,0,0,0,0,0,0,0,0,1,0,0,0,1,0,0,0,0,0,0,0,0,0,0,0,0,0,0,4
Cônego Marinho,0,0,0,0,0,0,0,0,0,0,0,0,0,0,0,0,0,0,0,0,0,0,0,0,0,0,0,0,0,0,0,0,0,0,0,0,0,0,0
Confins,0,0,0,0,0,0,0,0,0,0,0,0,0,0,0,0,0,0,0,0,0,0,0,0,0,0,0,0,0,0,0,0,0,0,0,0,0,0,0
Congonhal,349,4,0,0,0,8,0,0,0,330,330,0,0,1,0,0,0,0,0,0,1,0,2,1,0,0,1,0,0,0,0,0,0,0,0,1,0,0,0
Congonhas,20,0,0,0,0,0,0,0,0,8,8,0,0,0,0,0,0,0,0,0,0,0,1,1,0,0,0,0,0,0,0,0,0,0,0,10,0,0,0
Congonhas do Norte,30,0,0,0,0,15,0,0,0,15,15,0,0,0,0,0,0,0,0,0,0,0,0,0,0,0,0,0,0,0,0,0,0,0,0,0,0,0,0
Conquista,8,0,0,0,0,0,0,0,0,8,8,0,0,0,0,0,0,0,0,0,0,0,0,0,0,0,0,0,0,0,0,0,0,0,0,0,0,0,0
Conselheiro Lafaiete,14,5,0,0,0,0,0,0,0,0,0,0,0,0,0,0,0,0,0,0,0,0,0,3,0,0,5,0,0,0,0,0,0,0,0,1,0,0,0
Conselheiro Pena,4447,0,0,0,0,30,0,0,0,4340,3830,510,0,0,0,0,10,0,0,0,48,0,6,1,0,0,10,0,0,0,0,0,0,0,0,2,0,0,0
Consolação,27,0,0,0,20,4,0,0,0,0,0,0,0,0,0,0,0,0,0,0,0,0,0,0,0,0,0,1,0,0,0,0,0,0,0,0,0,0,2
Contagem,1,0,0,0,0,1,0,0,0,0,0,0,0,0,0,0,0,0,0,0,0,0,0,0,0,0,0,0,0,0,0,0,0,0,0,0,0,0,0
Coqueiral,9008,0,0,0,0,5,0,0,0,9000,9000,0,0,0,0,0,0,0,0,0,3,0,0,0,0,0,0,0,0,0,0,0,0,0,0,0,0,0,0
Coração de Jesus,53,0,0,0,0,14,0,0,0,9,9,0,0,0,0,0,1,0,0,0,2,0,9,1,0,1,1,2,0,0,0,0,0,0,0,13,0,0,0
Cordisburgo,46,9,0,0,0,12,0,0,0,0,0,0,0,0,0,0,0,0,0,0,0,0,2,6,0,0,4,3,0,0,0,0,0,0,0,10,0,0,0
Cordislândia,1875,10,0,0,0,30,0,0,0,1780,1780,0,0,43,0,0,0,0,0,0,0,0,0,0,0,0,0,0,0,0,0,0,4,0,0,0,0,0,8
Corinto,80,0,0,0,0,68,0,0,0,0,0,0,0,0,0,0,2,0,0,0,0,0,8,0,0,0,0,0,0,0,0,0,0,0,0,0,0,2,0
Coroaci,124,0,0,0,0,40,0,0,0,70,60,10,0,0,0,0,0,0,0,0,0,0,2,12,0,0,0,0,0,0,0,0,0,0,0,0,0,0,0
Coromandel,8023,80,0,0,0,0,25,0,0,7810,7810,0,0,0,0,0,0,0,0,0,0,0,2,0,0,0,30,0,0,0,0,0,0,0,0,1,0,75,0
Coronel Fabriciano,13,0,0,0,0,8,0,0,0,0,0,0,0,0,0,0,0,0,0,0,0,0,0,0,0,0,5,0,0,0,0,0,0,0,0,0,0,0,0
Coronel Murta,11,0,0,0,0,3,0,0,0,0,0,0,0,0,0,0,3,0,0,0,0,0,2,0,0,1,1,1,0,0,0,0,0,0,0,0,0,0,0
Coronel Pacheco,236,0,0,0,0,235,0,0,0,0,0,0,0,0,0,0,0,0,0,0,0,0,0,1,0,0,0,0,0,0,0,0,0,0,0,0,0,0,0
Coronel Xavier Chaves,302,0,0,0,0,2,0,0,0,0,0,0,0,0,0,0,0,0,0,0,0,0,0,0,0,0,0,0,0,0,0,0,0,0,0,300,0,0,0
Córrego Danta,981,0,0,0,0,20,0,0,0,950,950,0,0,0,0,0,0,0,0,0,0,0,7,2,0,0,0,0,0,0,0,0,0,0,0,2,0,0,0
Córrego do Bom Jesus,8,0,0,0,0,4,0,0,0,0,0,0,0,0,0,0,0,0,0,0,0,0,1,0,0,0,0,0,0,0,0,0,0,0,0,0,0,0,3
Córrego Fundo,259,0,0,0,0,2,0,0,0,255,255,0,0,0,0,0,0,0,0,0,2,0,0,0,0,0,0,0,0,0,0,0,0,0,0,0,0,0,0
Córrego Novo,44,0,0,0,0,5,0,0,0,35,35,0,0,0,0,0,3,0,0,0,0,0,0,0,0,0,0,0,0,0,0,0,0,0,0,1,0,0,0
Couto de Magalhães de Minas,8,0,0,0,0,4,0,0,0,2,2,0,0,0,0,0,0,0,0,0,0,0,2,0,0,0,0,0,0,0,0,0,0,0,0,0,0,0,0
Crisólita,8,0,0,0,0,1,0,0,0,0,0,0,0,0,0,0,1,0,0,0,0,0,0,0,0,0,0,0,0,0,0,0,0,6,0,0,0,0,0
Cristais,3776,2,0,0,0,4,65,0,0,3580,3580,0,0,1,0,0,0,0,0,0,0,0,50,4,0,0,0,0,0,0,0,0,0,0,0,70,0,0,0
Cristália,18,2,0,0,0,4,0,0,0,5,5,0,0,0,0,0,0,0,0,0,0,0,1,1,0,0,2,1,0,0,0,0,0,0,0,0,0,2,0
Cristiano Otoni,33,0,0,0,0,15,0,0,0,0,0,0,0,0,0,0,0,0,0,0,0,0,0,0,0,0,0,0,0,0,0,0,0,0,0,17,0,0,1
Cristina,1802,0,0,0,46,980,0,0,0,760,760,0,0,0,0,0,0,0,0,0,0,0,0,12,2,0,0,0,0,0,0,0,0,0,0,2,0,0,0
Crucilândia,47,1,0,0,0,4,0,0,0,0,0,0,0,0,0,0,0,0,0,0,0,0,0,2,0,0,2,1,0,0,0,0,0,0,0,35,0,0,2
Cruzeiro da Fortaleza,603,0,0,0,0,0,0,0,0,600,600,0,0,0,0,0,0,0,0,0,0,0,0,0,0,0,0,3,0,0,0,0,0,0,0,0,0,0,0
Cruzília,275,2,0,0,0,0,0,0,0,179,179,0,0,3,0,0,0,0,0,0,1,0,10,0,0,0,0,0,0,0,0,0,0,0,0,80,0,0,0
Cuparaque,342,0,0,0,0,11,0,0,0,294,245,49,0,0,0,0,4,0,0,0,0,0,1,0,0,0,29,1,0,0,0,0,0,2,0,0,0,0,0
Curral de Dentro,87,0,0,0,0,6,0,0,0,70,70,0,0,0,0,0,0,0,0,0,0,0,2,0,0,0,4,0,0,0,0,0,0,0,0,1,0,1,3
Curvelo,589,11,0,0,0,340,150,0,0,0,0,0,0,0,0,0,38,0,0,0,2,0,0,4,0,0,25,15,0,0,0,0,0,0,0,4,0,0,0
Datas,65,0,0,0,6,13,0,0,0,6,6,0,0,0,0,0,0,0,0,0,7,0,2,16,0,0,2,0,0,0,0,0,0,0,0,3,0,8,2
Delfim Moreira,113,0,0,0,37,0,0,0,0,0,0,0,0,0,0,0,0,0,0,0,0,0,7,2,2,0,0,0,1,0,0,1,6,0,0,52,0,0,5
Delfinópolis,3359,0,0,0,0,2980,0,0,0,350,350,0,0,0,0,0,0,0,0,0,0,0,20,1,0,0,2,0,0,0,0,0,0,0,0,6,0,0,0
Delta,9,0,0,0,0,7,0,0,0,0,0,0,0,0,0,0,0,0,0,0,0,0,0,2,0,0,0,0,0,0,0,0,0,0,0,0,0,0,0
Descoberto,26,0,0,0,0,5,0,0,0,1,1,0,0,0,0,0,0,0,0,0,0,0,0,0,0,0,0,1,0,0,18,0,0,0,0,0,0,0,1
Desterro de Entre Rios,143,3,0,0,0,11,0,0,0,82,82,0,0,0,0,0,0,0,0,0,0,0,0,0,0,0,0,0,0,0,0,0,0,0,0,47,0,0,0
Desterro do Melo,144,0,0,0,0,120,0,0,0,10,10,0,0,0,0,0,0,0,0,0,0,0,0,2,0,0,0,0,0,0,12,0,0,0,0,0,0,0,0
Diamantina,693,1,0,0,0,12,0,0,0,618,618,0,0,0,0,0,0,0,0,0,4,0,10,2,0,2,10,7,0,0,0,0,0,0,0,0,0,4,23
Diogo de Vasconcelos,0,0,0,0,0,0,0,0,0,0,0,0,0,0,0,0,0,0,0,0,0,0,0,0,0,0,0,0,0,0,0,0,0,0,0,0,0,0,0
Dionísio,26,0,0,0,0,24,0,0,0,0,0,0,0,0,0,0,2,0,0,0,0,0,0,0,0,0,0,0,0,0,0,0,0,0,0,0,0,0,0
Divinésia,161,0,0,0,0,32,0,0,0,120,120,0,0,0,0,0,0,0,0,0,7,0,0,2,0,0,0,0,0,0,0,0,0,0,0,0,0,0,0
Divino,9840,0,0,0,0,35,0,0,0,9800,9800,0,0,0,0,0,0,0,0,0,0,0,0,0,0,0,0,0,0,0,5,0,0,0,0,0,0,0,0
Divino das Laranjeiras,15,0,0,0,0,2,0,0,0,9,5,4,0,0,0,0,2,0,0,0,0,0,0,0,0,0,0,0,0,0,0,0,0,2,0,0,0,0,0
Divinolândia de Minas,45,0,0,0,0,5,0,0,0,40,40,0,0,0,0,0,0,0,0,0,0,0,0,0,0,0,0,0,0,0,0,0,0,0,0,0,0,0,0
Divinópolis,37,0,0,0,0,12,0,0,0,0,0,0,0,2,0,0,0,0,0,0,6,0,5,3,0,0,1,0,0,0,0,0,0,0,0,5,0,0,3
Divisa Alegre,44,0,0,0,0,4,0,0,0,40,40,0,0,0,0,0,0,0,0,0,0,0,0,0,0,0,0,0,0,0,0,0,0,0,0,0,0,0,0
Divisa Nova,2471,4,0,0,0,11,0,0,0,2380,2380,0,0,0,0,0,0,0,0,0,0,0,70,0,0,0,0,0,0,0,0,0,0,0,0,6,0,0,0
Divisópolis,895,0,0,0,0,17,0,0,0,818,818,0,0,0,0,0,17,0,0,0,0,0,6,5,0,0,0,3,0,0,0,0,0,8,0,0,0,21,0
Dom Bosco,70,0,0,0,0,0,0,0,0,0,0,0,0,0,0,0,0,0,0,0,0,0,0,0,0,0,70,0,0,0,0,0,0,0,0,0,0,0,0
Dom Cavati,55,0,0,0,0,25,0,0,0,25,25,0,0,0,0,0,4,0,0,0,0,0,0,0,0,0,1,0,0,0,0,0,0,0,0,0,0,0,0
Dom Joaquim,16,0,0,0,0,14,0,0,0,2,2,0,0,0,0,0,0,0,0,0,0,0,0,0,0,0,0,0,0,0,0,0,0,0,0,0,0,0,0
Dom Silvério,1,0,0,0,0,1,0,0,0,0,0,0,0,0,0,0,0,0,0,0,0,0,0,0,0,0,0,0,0,0,0,0,0,0,0,0,0,0,0
Dom Viçoso,372,0,0,0,0,47,0,0,0,325,325,0,0,0,0,0,0,0,0,0,0,0,0,0,0,0,0,0,0,0,0,0,0,0,0,0,0,0,0
Dona Euzébia,4,0,0,0,0,0,0,0,0,0,0,0,0,0,0,0,2,0,0,0,0,0,0,0,0,0,2,0,0,0,0,0,0,0,0,0,0,0,0
Dores de Campos,0,0,0,0,0,0,0,0,0,0,0,0,0,0,0,0,0,0,0,0,0,0,0,0,0,0,0,0,0,0,0,0,0,0,0,0,0,0,0
Dores de Guanhães,0,0,0,0,0,0,0,0,0,0,0,0,0,0,0,0,0,0,0,0,0,0,0,0,0,0,0,0,0,0,0,0,0,0,0,0,0,0,0
Dores do Indaiá,0,0,0,0,0,0,0,0,0,0,0,0,0,0,0,0,0,0,0,0,0,0,0,0,0,0,0,0,0,0,0,0,0,0,0,0,0,0,0
Dores do Turvo,50,0,0,0,0,0,0,0,0,50,50,0,0,0,0,0,0,0,0,0,0,0,0,0,0,0,0,0,0,0,0,0,0,0,0,0,0,0,0
Doresópolis,260,0,0,0,0,0,0,0,0,260,260,0,0,0,0,0,0,0,0,0,0,0,0,0,0,0,0,0,0,0,0,0,0,0,0,0,0,0,0
Douradoquara,2,0,0,0,0,2,0,0,0,0,0,0,0,0,0,0,0,0,0,0,0,0,0,0,0,0,0,0,0,0,0,0,0,0,0,0,0,0,0
Durandé,5225,0,0,0,0,0,0,0,0,5225,5225,0,0,0,0,0,0,0,0,0,0,0,0,0,0,0,0,0,0,0,0,0,0,0,0,0,0,0,0
Elói Mendes,12616,33,0,0,0,8,0,0,0,12542,12542,0,0,0,0,0,0,0,0,0,0,0,4,0,0,0,0,0,0,0,0,0,0,0,0,4,0,0,25
Engenheiro Caldas,42,1,0,0,0,10,0,0,0,0,0,0,0,0,0,0,6,0,0,0,2,0,5,1,0,0,7,8,0,0,0,0,0,0,0,2,0,0,0
Engenheiro Navarro,42,0,0,0,0,13,0,0,0,4,0,4,0,0,0,0,0,0,0,0,0,0,5,8,0,1,0,1,0,0,0,0,0,0,0,10,0,0,0
Entre Folhas,379,1,0,0,0,7,0,0,0,360,360,0,0,0,0,0,4,0,0,0,0,0,3,0,0,0,1,1,0,0,1,0,0,0,0,1,0,0,0
Entre Rios de Minas,171,0,0,0,0,0,0,0,0,150,150,0,0,0,0,0,0,0,0,0,0,0,0,8,0,0,6,2,0,0,0,0,0,0,0,5,0,0,0
Ervália,5203,20,0,0,0,61,0,0,0,5100,5100,0,0,0,0,0,0,0,0,0,1,0,0,0,0,0,0,2,0,0,1,0,8,0,0,8,0,0,2
Esmeraldas,46,0,0,0,0,10,0,0,0,32,32,0,0,0,0,0,0,0,0,0,1,0,0,1,0,0,1,0,0,0,0,0,0,0,0,1,0,0,0
Espera Feliz,9569,0,0,0,0,68,0,0,0,9500,9500,0,0,0,0,0,0,0,0,0,0,0,1,0,0,0,0,0,0,0,0,0,0,0,0,0,0,0,0
Espinosa,240,0,0,0,0,152,0,0,0,0,0,0,0,0,0,0,15,0,0,0,0,0,16,1,0,0,41,3,0,0,0,0,0,0,0,12,0,0,0
Espírito Santo do Dourado,751,0,0,0,0,220,0,0,0,485,485,0,0,9,0,0,0,0,0,0,4,0,25,0,0,0,2,0,0,0,1,0,1,0,0,1,0,0,3
Estiva,72,5,0,0,0,6,0,0,0,2,2,0,0,3,0,0,0,0,0,1,2,0,0,2,40,0,0,0,0,0,0,5,1,0,0,3,0,0,2
Estrela Dalva,55,0,0,0,0,5,0,0,0,43,0,43,0,0,0,0,1,0,0,0,0,0,0,0,0,0,0,0,0,0,0,0,0,6,0,0,0,0,0
Estrela do Indaiá,207,0,0,0,0,7,0,0,0,200,200,0,0,0,0,0,0,0,0,0,0,0,0,0,0,0,0,0,0,0,0,0,0,0,0,0,0,0,0
Estrela do Sul,2511,35,0,0,0,26,2,0,0,2400,2400,0,0,0,0,0,0,0,0,0,0,0,2,6,0,0,1,35,0,0,0,0,0,2,0,2,0,0,0
Eugenópolis,1750,0,0,0,0,27,0,0,0,1721,1700,21,0,0,0,0,2,0,0,0,0,0,0,0,0,0,0,0,0,0,0,0,0,0,0,0,0,0,0
Ewbank da Câmara,0,0,0,0,0,0,0,0,0,0,0,0,0,0,0,0,0,0,0,0,0,0,0,0,0,0,0,0,0,0,0,0,0,0,0,0,0,0,0
Extrema,31,0,0,0,25,4,0,0,0,2,2,0,0,0,0,0,0,0,0,0,0,0,0,0,0,0,0,0,0,0,0,0,0,0,0,0,0,0,0
Fama,1243,3,0,0,0,0,0,0,0,1240,1240,0,0,0,0,0,0,0,0,0,0,0,0,0,0,0,0,0,0,0,0,0,0,0,0,0,0,0,0
Faria Lemos,691,0,0,0,0,6,0,0,0,685,685,0,0,0,0,0,0,0,0,0,0,0,0,0,0,0,0,0,0,0,0,0,0,0,0,0,0,0,0
Felício dos Santos,614,0,0,0,0,5,0,0,0,297,297,0,0,0,0,0,0,0,0,0,0,0,2,0,0,0,0,0,0,0,0,0,0,0,0,10,0,300,0
São Gonçalo do Rio Preto,89,0,0,0,0,7,0,0,0,42,42,0,0,0,0,0,0,0,0,0,0,0,2,8,0,10,6,0,0,0,0,0,0,0,0,4,0,10,0
Felisburgo,24,0,0,0,0,8,0,0,0,11,9,2,0,0,0,0,0,0,0,0,0,0,2,1,0,0,0,0,0,0,0,0,0,2,0,0,0,0,0
Felixlândia,29,0,0,0,0,18,0,0,0,0,0,0,0,0,0,0,1,0,0,0,0,0,0,1,0,0,4,3,0,0,0,0,2,0,0,0,0,0,0
Fernandes Tourinho,107,1,0,0,0,2,97,0,0,0,0,0,0,0,0,0,1,0,0,0,1,0,0,2,0,0,0,2,0,0,0,0,0,0,0,1,0,0,0
Ferros,74,0,0,0,0,25,0,0,0,39,39,0,0,0,0,0,0,0,0,0,0,0,0,0,0,0,0,0,0,0,0,0,0,0,0,0,0,10,0
Fervedouro,3151,2,0,0,0,45,0,0,0,3100,3100,0,0,0,0,0,0,0,0,0,0,0,1,3,0,0,0,0,0,0,0,0,0,0,0,0,0,0,0
Florestal,10,0,0,0,0,1,0,0,0,0,0,0,0,0,0,0,0,0,0,0,0,0,0,2,0,0,0,1,0,0,0,0,0,0,0,1,0,0,5
Formiga,2957,0,0,0,0,18,0,0,0,2785,2785,0,0,0,0,0,0,0,0,0,0,0,150,2,0,0,0,0,0,0,0,0,0,0,0,2,0,0,0
Formoso,2290,0,0,0,0,0,0,0,0,1000,1000,0,0,0,0,0,0,0,0,0,0,0,1290,0,0,0,0,0,0,0,0,0,0,0,0,0,0,0,0
Fortaleza de Minas,1503,0,0,0,0,2,0,0,0,1270,1270,0,0,0,0,0,0,0,0,45,1,0,170,0,0,0,0,0,0,0,0,0,0,0,0,0,0,0,15
Fortuna de Minas,0,0,0,0,0,0,0,0,0,0,0,0,0,0,0,0,0,0,0,0,0,0,0,0,0,0,0,0,0,0,0,0,0,0,0,0,0,0,0
Francisco Badaró,8,0,0,0,0,5,0,0,0,0,0,0,0,0,0,0,0,0,0,0,0,0,3,0,0,0,0,0,0,0,0,0,0,0,0,0,0,0,0
Francisco Dumont,324,0,0,0,0,14,0,0,0,300,300,0,0,0,0,0,0,0,0,0,0,0,1,0,0,0,9,0,0,0,0,0,0,0,0,0,0,0,0
Francisco Sá,369,0,0,0,0,325,0,0,0,0,0,0,0,0,0,0,20,0,0,0,5,0,0,4,0,8,2,4,0,0,0,0,0,0,0,1,0,0,0
Franciscópolis,109,0,0,0,0,15,0,0,0,90,90,0,0,0,0,0,2,0,0,0,0,0,2,0,0,0,0,0,0,0,0,0,0,0,0,0,0,0,0
Frei Gaspar,76,0,0,0,0,18,0,0,0,43,30,13,0,0,0,0,1,0,0,0,2,0,1,2,0,0,0,3,0,0,0,0,0,3,0,0,0,3,0
Frei Inocêncio,35,0,0,0,0,15,10,0,0,0,0,0,0,0,0,0,9,0,0,0,0,0,0,0,0,0,0,0,0,0,0,0,0,1,0,0,0,0,0
Frei Lagonegro,162,0,0,0,0,7,0,0,0,5,5,0,0,0,0,0,0,0,0,0,0,0,0,0,0,0,0,0,0,0,0,0,0,0,0,0,0,150,0
Fronteira,127,0,0,0,0,4,123,0,0,0,0,0,0,0,0,0,0,0,0,0,0,0,0,0,0,0,0,0,0,0,0,0,0,0,0,0,0,0,0
Fronteira dos Vales,3,0,0,0,0,3,0,0,0,0,0,0,0,0,0,0,0,0,0,0,0,0,0,0,0,0,0,0,0,0,0,0,0,0,0,0,0,0,0
Fruta de Leite,18,3,0,0,0,7,0,0,0,0,0,0,0,0,0,0,0,0,0,0,0,0,3,0,0,1,4,0,0,0,0,0,0,0,0,0,0,0,0
Frutal,6987,0,0,0,0,1,2300,0,0,0,0,0,0,0,0,0,60,0,0,0,0,0,4500,2,0,3,121,0,0,0,0,0,0,0,0,0,0,0,0
Funilândia,27,1,0,0,0,20,0,0,0,0,0,0,0,0,0,0,0,0,0,0,0,0,0,0,0,0,0,0,0,0,0,0,0,0,0,0,0,1,5
Galiléia,47,0,0,0,0,1,0,0,0,30,0,30,0,0,0,0,0,0,0,0,0,0,0,0,0,0,0,0,0,0,0,0,0,16,0,0,0,0,0
Gameleiras,4,0,0,0,0,4,0,0,0,0,0,0,0,0,0,0,0,0,0,0,0,0,0,0,0,0,0,0,0,0,0,0,0,0,0,0,0,0,0
Glaucilândia,43,23,0,0,0,0,0,0,0,0,0,0,0,0,0,0,0,0,0,0,6,0,0,5,0,1,6,1,0,0,0,0,0,0,0,0,0,1,0
Goiabeira,5,1,0,0,0,3,0,0,0,0,0,0,0,0,0,0,0,0,0,0,0,0,0,0,0,0,1,0,0,0,0,0,0,0,0,0,0,0,0
Goianá,20,0,0,0,0,12,0,0,0,0,0,0,0,0,0,0,2,0,0,0,2,0,1,0,0,0,0,0,0,0,0,0,0,0,0,2,0,0,1
Gonçalves,319,2,0,0,10,297,0,0,0,0,0,0,0,2,0,0,0,0,0,1,0,0,1,3,1,0,0,0,0,0,0,0,2,0,0,0,0,0,0
Gonzaga,21,0,0,0,0,20,0,0,0,0,0,0,0,0,0,0,0,0,0,0,0,0,0,0,0,0,0,0,0,0,0,0,0,0,0,1,0,0,0
Gouveia,91,3,0,0,0,17,0,0,0,0,0,0,0,0,0,0,0,0,0,1,0,0,5,0,0,0,50,0,0,0,0,0,0,0,0,12,0,3,0
Governador Valadares,226,0,0,0,0,140,0,0,0,0,0,0,0,0,0,0,32,0,0,0,1,0,10,2,0,0,1,1,0,0,28,0,0,8,0,2,0,0,1
Grão Mogol,194,2,0,0,0,35,0,0,0,90,90,0,0,0,0,0,1,0,0,0,0,0,12,1,0,0,18,26,0,0,0,0,0,0,0,1,0,8,0
Grupiara,15,0,0,0,0,0,0,0,0,0,0,0,0,0,0,0,0,0,0,0,0,0,0,6,1,0,0,1,0,0,0,0,0,0,0,6,0,0,1
Guanhães,31,5,0,0,0,20,0,0,0,0,0,0,0,0,0,0,0,0,0,0,4,0,2,0,0,0,0,0,0,0,0,0,0,0,0,0,0,0,0
Guapé,9134,0,0,0,0,18,0,0,0,9100,9100,0,0,0,0,0,1,0,0,0,0,0,11,2,0,0,0,2,0,0,0,0,0,0,0,0,0,0,0
Guaraciaba,140,0,0,0,0,3,0,0,0,130,130,0,0,0,0,0,0,0,0,0,0,0,2,0,0,0,0,0,0,0,0,0,0,0,0,1,0,0,4
Guaraciama,1,1,0,0,0,0,0,0,0,0,0,0,0,0,0,0,0,0,0,0,0,0,0,0,0,0,0,0,0,0,0,0,0,0,0,0,0,0,0
Guaranésia,4235,12,0,0,0,5,0,0,0,4200,4200,0,0,5,0,0,0,0,0,0,0,0,1,12,0,0,0,0,0,0,0,0,0,0,0,0,0,0,0
Guarani,107,3,0,0,0,3,0,0,0,58,58,0,0,0,0,0,0,0,0,0,3,0,0,0,0,0,22,3,0,0,0,0,0,0,0,15,0,0,0
Guarará,29,1,0,0,0,11,0,0,0,14,14,0,0,0,0,0,0,0,0,0,0,0,1,1,0,0,0,0,0,0,0,0,0,0,0,1,0,0,0
Guarda0Mor,439,0,0,0,0,85,0,0,0,354,354,0,0,0,0,0,0,0,0,0,0,0,0,0,0,0,0,0,0,0,0,0,0,0,0,0,0,0,0
Guaxupé,3996,29,0,0,0,16,0,0,0,3950,3950,0,0,0,0,0,0,0,0,0,1,0,0,0,0,0,0,0,0,0,0,0,0,0,0,0,0,0,0
Guidoval,174,0,0,0,0,35,0,0,0,0,0,0,0,0,0,0,7,0,0,0,0,0,8,11,0,0,90,14,0,0,0,0,0,0,0,9,0,0,0
Guimarânia,4145,2,0,0,0,3,0,0,0,4100,4100,0,0,0,0,0,0,0,0,0,0,0,8,4,0,0,0,15,0,0,3,0,0,0,0,10,0,0,0
Guiricema,391,3,0,0,0,22,0,0,0,200,200,0,0,0,0,0,2,0,0,0,66,0,0,4,0,0,82,10,0,0,0,0,0,0,0,2,0,0,0
Gurinhatã,347,0,0,0,0,4,11,0,0,0,0,0,0,0,0,0,0,0,0,0,0,0,327,0,0,0,0,0,0,0,5,0,0,0,0,0,0,0,0
Heliodora,3185,0,0,0,0,0,0,0,0,3185,3185,0,0,0,0,0,0,0,0,0,0,0,0,0,0,0,0,0,0,0,0,0,0,0,0,0,0,0,0
Iapu,421,0,0,0,0,110,0,0,0,304,304,0,0,0,0,0,3,0,0,0,0,0,0,1,0,0,0,1,0,0,0,0,0,0,0,2,0,0,0
Ibertioga,4,0,0,0,0,0,0,0,0,0,0,0,0,0,0,0,0,0,0,0,1,0,0,1,0,0,0,0,0,0,0,0,0,0,0,1,0,0,1
Ibiá,6125,150,0,0,0,9,195,0,0,5550,5550,0,0,0,0,0,0,0,0,0,0,0,160,47,0,0,4,0,0,0,0,0,0,0,0,10,0,0,0
Ibiaí,0,0,0,0,0,0,0,0,0,0,0,0,0,0,0,0,0,0,0,0,0,0,0,0,0,0,0,0,0,0,0,0,0,0,0,0,0,0,0
Ibiracatu,0,0,0,0,0,0,0,0,0,0,0,0,0,0,0,0,0,0,0,0,0,0,0,0,0,0,0,0,0,0,0,0,0,0,0,0,0,0,0
Ibiraci,16498,220,0,0,0,18,0,0,0,15800,15800,0,0,0,0,0,0,0,0,0,0,0,390,0,0,0,0,2,0,0,0,0,0,0,0,65,0,0,3
Ibirité,6,1,0,0,0,0,0,0,0,0,0,0,0,0,0,0,0,0,0,0,0,0,1,1,0,0,2,0,0,0,0,0,0,0,0,1,0,0,0
Ibitiúra de Minas,1530,0,0,0,0,20,0,0,0,1510,1510,0,0,0,0,0,0,0,0,0,0,0,0,0,0,0,0,0,0,0,0,0,0,0,0,0,0,0,0
Ibituruna,601,0,0,0,0,0,0,0,0,600,600,0,0,0,0,0,0,0,0,0,0,0,0,0,0,0,0,0,0,0,0,0,0,0,0,1,0,0,0
Icaraí de Minas,10,0,0,0,0,0,0,0,0,0,0,0,0,0,0,0,10,0,0,0,0,0,0,0,0,0,0,0,0,0,0,0,0,0,0,0,0,0,0
Igarapé,52,1,0,0,0,4,0,0,0,10,10,0,0,0,0,0,0,0,0,0,3,0,2,15,0,0,0,2,0,0,0,0,0,0,0,15,0,0,0
Igaratinga,0,0,0,0,0,0,0,0,0,0,0,0,0,0,0,0,0,0,0,0,0,0,0,0,0,0,0,0,0,0,0,0,0,0,0,0,0,0,0
Iguatama,4,0,0,0,0,2,0,0,0,0,0,0,0,0,0,0,0,0,0,0,0,0,0,0,0,0,2,0,0,0,0,0,0,0,0,0,0,0,0
Ijaci,202,0,0,0,0,0,0,0,0,200,200,0,0,0,0,0,0,0,0,0,0,0,0,2,0,0,0,0,0,0,0,0,0,0,0,0,0,0,0
Ilicínea,6977,0,0,0,0,0,0,0,0,6970,6970,0,0,0,0,0,0,0,0,0,0,0,2,0,0,0,0,0,0,0,0,0,0,0,0,5,0,0,0
Imbé de Minas,3673,6,0,0,0,205,0,0,0,3400,3400,0,0,0,0,0,2,0,0,0,0,0,19,3,0,0,1,2,0,0,0,0,0,0,0,35,0,0,0
Inconfidentes,3059,0,0,0,0,23,0,0,0,3025,3025,0,0,0,0,0,0,0,0,0,0,0,4,0,0,0,0,0,0,0,0,0,0,0,0,4,0,0,3
Indaiabira,569,0,0,0,0,12,0,0,0,540,540,0,0,0,0,0,1,0,0,0,0,0,2,0,0,0,13,0,0,0,0,0,0,0,0,1,0,0,0
Indianópolis,5185,2,0,0,0,240,345,0,0,4570,4570,0,0,0,0,0,0,0,0,0,7,0,0,3,0,1,0,14,0,0,2,0,0,0,0,1,0,0,0
Ingaí,438,0,0,0,0,0,0,0,0,438,438,0,0,0,0,0,0,0,0,0,0,0,0,0,0,0,0,0,0,0,0,0,0,0,0,0,0,0,0
Inhapim,4133,25,0,0,0,445,0,0,0,3580,3580,0,0,0,0,0,5,0,0,0,0,0,14,5,0,0,15,30,0,0,0,0,0,0,0,14,0,0,0
Inhaúma,9,0,0,0,0,5,0,0,0,0,0,0,0,0,0,0,0,0,0,0,0,0,2,2,0,0,0,0,0,0,0,0,0,0,0,0,0,0,0
Inimutaba,24,0,0,0,0,24,0,0,0,0,0,0,0,0,0,0,0,0,0,0,0,0,0,0,0,0,0,0,0,0,0,0,0,0,0,0,0,0,0
Ipaba,20,0,0,0,0,20,0,0,0,0,0,0,0,0,0,0,0,0,0,0,0,0,0,0,0,0,0,0,0,0,0,0,0,0,0,0,0,0,0
Ipanema,341,2,0,0,0,24,0,0,0,302,25,277,0,0,0,0,4,0,0,0,0,0,5,0,0,0,1,0,0,0,0,0,0,2,0,1,0,0,0
Ipatinga,17,0,0,0,0,15,0,0,0,0,0,0,0,0,0,0,0,0,0,0,0,0,1,0,0,1,0,0,0,0,0,0,0,0,0,0,0,0,0
Ipiaçu,0,0,0,0,0,0,0,0,0,0,0,0,0,0,0,0,0,0,0,0,0,0,0,0,0,0,0,0,0,0,0,0,0,0,0,0,0,0,0
Ipuiúna,7,0,0,0,0,3,0,0,0,0,0,0,0,0,0,0,0,0,0,0,0,0,4,0,0,0,0,0,0,0,0,0,0,0,0,0,0,0,0
Iraí de Minas,1224,50,0,0,0,12,0,0,0,1158,1158,0,0,0,0,0,0,0,0,0,0,0,0,2,0,0,0,2,0,0,0,0,0,0,0,0,0,0,0
Itabira,62,0,0,0,0,50,0,0,0,6,6,0,0,0,0,0,0,0,0,0,0,0,3,0,0,0,0,0,0,0,0,0,0,0,0,3,0,0,0
Itabirinha,185,0,0,0,0,6,0,0,0,159,111,48,0,0,0,0,4,0,0,0,0,0,2,0,0,1,6,0,0,0,0,0,0,7,0,0,0,0,0
Itabirito,24,0,0,0,0,8,0,0,0,0,0,0,0,0,0,0,0,0,0,0,0,0,3,0,0,0,0,0,0,0,12,0,0,0,0,0,0,0,1
Itacambira,10,0,0,0,0,0,0,0,0,4,4,0,0,0,0,0,0,0,0,0,0,0,3,0,0,0,3,0,0,0,0,0,0,0,0,0,0,0,0
Itacarambi,281,0,0,0,0,280,0,0,0,0,0,0,0,0,0,0,0,0,0,0,0,0,0,0,0,0,1,0,0,0,0,0,0,0,0,0,0,0,0
Itaguara,136,16,0,0,0,20,0,0,0,13,13,0,0,0,0,0,0,0,0,0,2,0,3,2,0,0,0,10,0,0,0,0,0,0,0,70,0,0,0
Itaipé,461,0,0,0,0,50,0,0,0,400,400,0,0,0,0,0,2,0,0,0,0,0,3,0,0,0,0,0,0,0,0,0,0,0,0,0,0,6,0
Itajubá,188,2,0,0,0,140,0,0,0,29,29,0,0,0,0,0,0,0,0,0,0,0,5,0,0,0,0,2,0,0,0,0,0,0,0,10,0,0,0
Itamarandiba,634,0,0,0,0,70,0,0,0,539,525,14,0,0,0,0,0,0,0,0,0,0,4,4,0,0,0,0,0,0,0,0,0,0,0,0,0,16,1
Itamarati de Minas,135,0,0,0,0,12,0,0,0,66,66,0,0,0,0,0,0,0,0,0,0,0,1,0,0,0,8,0,0,0,15,0,0,0,0,33,0,0,0
Itambacuri,407,0,0,0,0,105,0,0,0,252,237,15,0,0,0,0,5,0,0,0,0,0,13,0,0,0,1,0,0,0,6,0,0,0,0,25,0,0,0
Itambé do Mato Dentro,4,0,0,0,0,4,0,0,0,0,0,0,0,0,0,0,0,0,0,0,0,0,0,0,0,0,0,0,0,0,0,0,0,0,0,0,0,0,0
Itamogi,10419,2,0,0,0,17,0,0,0,10400,10400,0,0,0,0,0,0,0,0,0,0,0,0,0,0,0,0,0,0,0,0,0,0,0,0,0,0,0,0
Itamonte,7,0,0,0,0,4,0,0,0,0,0,0,0,0,0,0,0,0,0,0,0,0,0,0,0,0,0,0,0,0,0,0,3,0,0,0,0,0,0
Itanhandu,23,0,0,0,12,2,0,0,0,0,0,0,0,0,0,0,0,0,0,0,0,0,3,4,0,0,0,0,0,0,0,0,0,0,0,2,0,0,0
Itanhomi,356,0,0,0,0,18,0,0,0,335,335,0,0,0,0,0,0,0,0,0,0,0,3,0,0,0,0,0,0,0,0,0,0,0,0,0,0,0,0
Itaobim,211,0,0,0,0,160,0,0,0,0,0,0,0,0,0,0,4,0,0,0,0,0,1,1,0,5,40,0,0,0,0,0,0,0,0,0,0,0,0
Itapagipe,328,0,0,0,0,1,250,0,0,0,0,0,0,0,0,0,0,0,0,0,0,0,77,0,0,0,0,0,0,0,0,0,0,0,0,0,0,0,0
Itapecerica,455,1,0,0,0,3,0,0,0,395,395,0,0,0,0,0,0,0,0,0,0,0,40,0,0,0,0,0,0,0,0,0,0,0,0,15,0,0,1
Itapeva,16,0,0,0,12,0,0,0,0,0,0,0,0,0,0,0,0,0,0,0,1,0,0,0,0,0,0,0,0,0,0,0,0,0,0,0,0,0,3
Itatiaiuçu,25,3,0,0,0,10,0,0,0,0,0,0,0,5,0,0,0,0,0,0,0,0,1,3,0,0,0,1,0,0,0,0,0,0,0,2,0,0,0
Itaú de Minas,9,0,0,0,0,0,0,0,0,9,9,0,0,0,0,0,0,0,0,0,0,0,0,0,0,0,0,0,0,0,0,0,0,0,0,0,0,0,0
Itaúna,10,2,0,0,0,5,0,0,0,0,0,0,0,0,0,0,0,0,0,0,0,0,1,0,0,0,2,0,0,0,0,0,0,0,0,0,0,0,0
Itaverava,22,15,0,0,0,4,0,0,0,0,0,0,0,0,0,0,0,0,0,0,0,0,0,1,0,0,2,0,0,0,0,0,0,0,0,0,0,0,0
Itinga,121,0,0,0,0,100,0,0,0,0,0,0,0,0,0,0,0,0,0,0,0,0,4,0,0,0,15,0,0,0,0,0,0,2,0,0,0,0,0
Itueta,741,0,0,0,0,30,0,0,1,670,0,670,0,0,0,0,8,0,0,0,0,0,3,0,0,0,4,0,0,0,0,0,0,25,0,0,0,0,0
Ituiutaba,1006,0,0,0,0,3,484,0,0,4,4,0,0,0,0,0,0,0,0,0,0,0,505,0,0,1,0,0,0,0,6,0,0,0,0,2,0,0,1
Itumirim,368,0,0,0,0,0,0,0,0,359,359,0,0,0,0,0,0,0,0,0,0,0,0,0,0,0,0,0,0,0,0,0,0,0,0,9,0,0,0
Iturama,5257,0,0,0,0,2,5000,0,0,0,0,0,0,0,0,0,12,0,0,0,0,0,0,242,0,0,0,0,0,0,0,0,0,0,0,1,0,0,0
Itutinga,100,0,0,0,0,0,0,0,0,100,100,0,0,0,0,0,0,0,0,0,0,0,0,0,0,0,0,0,0,0,0,0,0,0,0,0,0,0,0
Jaboticatubas,202,12,0,0,0,55,0,0,0,8,8,0,0,0,0,0,0,0,0,0,0,0,60,5,0,0,30,12,0,0,0,0,0,0,0,20,0,0,0
Jacinto,8,0,0,0,0,5,0,0,0,0,0,0,0,0,0,0,3,0,0,0,0,0,0,0,0,0,0,0,0,0,0,0,0,0,0,0,0,0,0
Jacuí,3362,100,0,0,0,0,0,0,0,3250,3250,0,0,0,0,0,0,0,0,4,0,0,5,1,0,0,1,0,0,0,0,0,0,0,0,0,0,0,1
Jacutinga,3221,2,0,0,0,7,0,0,0,3195,3195,0,0,0,0,0,0,0,0,0,0,0,0,0,0,0,5,0,0,0,0,0,0,0,0,0,0,0,12
Jaguaraçu,0,0,0,0,0,0,0,0,0,0,0,0,0,0,0,0,0,0,0,0,0,0,0,0,0,0,0,0,0,0,0,0,0,0,0,0,0,0,0
Jaíba,11090,30,0,0,0,7550,0,0,0,10,0,10,0,0,0,0,8,0,0,0,32,0,66,1850,0,260,1000,55,0,0,0,0,0,0,0,130,0,4,95
Jampruca,11,0,0,0,0,6,0,0,0,0,0,0,0,0,0,0,0,0,0,0,1,0,0,0,0,1,3,0,0,0,0,0,0,0,0,0,0,0,0
Janaúba,2475,1,0,0,0,1900,0,0,0,0,0,0,0,0,0,0,25,0,0,0,7,0,6,40,0,35,450,3,0,0,0,0,0,0,0,4,0,0,4
Januária,38,0,0,0,0,17,0,0,0,0,0,0,0,0,0,0,15,0,0,0,0,0,1,2,0,0,3,0,0,0,0,0,0,0,0,0,0,0,0
Japaraíba,2,0,0,0,0,2,0,0,0,0,0,0,0,0,0,0,0,0,0,0,0,0,0,0,0,0,0,0,0,0,0,0,0,0,0,0,0,0,0
Japonvar,4,2,0,0,0,2,0,0,0,0,0,0,0,0,0,0,0,0,0,0,0,0,0,0,0,0,0,0,0,0,0,0,0,0,0,0,0,0,0
Jeceaba,75,7,0,0,0,3,0,0,0,0,0,0,0,0,0,0,0,0,0,0,0,0,0,0,0,0,0,0,0,0,0,0,0,0,0,65,0,0,0
Jenipapo de Minas,4,0,0,0,0,2,0,0,0,0,0,0,0,0,0,0,0,0,0,0,0,0,2,0,0,0,0,0,0,0,0,0,0,0,0,0,0,0,0
Jequeri,3612,0,0,0,0,12,0,0,0,3600,3600,0,0,0,0,0,0,0,0,0,0,0,0,0,0,0,0,0,0,0,0,0,0,0,0,0,0,0,0
Jequitaí,100,0,0,0,0,100,0,0,0,0,0,0,0,0,0,0,0,0,0,0,0,0,0,0,0,0,0,0,0,0,0,0,0,0,0,0,0,0,0
Jequitibá,37,7,0,0,0,9,0,0,0,0,0,0,0,0,0,0,1,0,0,0,0,0,0,5,0,0,7,6,0,0,0,0,0,0,0,1,0,0,1
Jequitinhonha,509,0,0,0,0,402,0,0,0,60,60,0,0,0,0,0,18,0,0,0,0,0,7,0,0,2,8,3,0,0,0,0,0,0,0,1,0,8,0
Jesuânia,1719,0,0,0,0,80,0,0,0,1630,1630,0,0,0,0,0,0,0,0,0,6,0,0,0,0,0,0,0,0,0,0,0,0,0,0,3,0,0,0
Joaíma,46,0,0,0,0,13,0,0,0,30,0,30,0,0,0,0,0,0,0,0,0,0,0,0,0,0,0,0,0,0,0,0,0,3,0,0,0,0,0
Joanésia,5,0,0,0,0,2,0,0,0,0,0,0,0,0,0,0,0,0,0,0,0,0,1,0,0,0,0,0,0,0,0,0,0,0,0,2,0,0,0
João Monlevade,0,0,0,0,0,0,0,0,0,0,0,0,0,0,0,0,0,0,0,0,0,0,0,0,0,0,0,0,0,0,0,0,0,0,0,0,0,0,0
João Pinheiro,4045,2,0,0,0,30,0,0,0,3000,3000,0,0,0,0,0,300,0,0,0,3,0,75,5,0,10,500,40,0,0,0,0,0,0,0,5,0,0,75
Joaquim Felício,11,0,0,0,0,8,0,0,0,0,0,0,0,0,0,0,0,0,0,0,0,0,3,0,0,0,0,0,0,0,0,0,0,0,0,0,0,0,0
Jordânia,36,0,0,0,0,7,0,0,25,0,0,0,0,0,0,0,1,0,0,0,0,0,0,1,0,0,0,1,0,0,0,0,0,0,0,1,0,0,0
José Gonçalves de Minas,206,0,0,0,0,13,0,0,0,190,190,0,0,0,0,0,2,0,0,0,0,0,1,0,0,0,0,0,0,0,0,0,0,0,0,0,0,0,0
José Raydan,121,0,0,0,0,25,0,0,0,95,0,95,0,0,0,0,1,0,0,0,0,0,0,0,0,0,0,0,0,0,0,0,0,0,0,0,0,0,0
Josenópolis,13,0,0,0,0,3,0,0,0,4,4,0,0,0,0,0,1,0,0,0,0,0,2,0,0,2,0,0,0,0,0,0,0,0,0,1,0,0,0
Nova União,1634,1,0,0,0,1610,0,0,0,5,5,0,0,0,0,0,0,0,0,0,0,0,2,6,0,0,8,1,0,0,0,0,0,0,0,1,0,0,0
Juatuba,80,0,0,0,0,50,0,0,0,0,0,0,0,0,0,0,0,0,0,0,0,0,0,0,0,0,0,0,0,0,0,0,0,0,0,30,0,0,0
Juiz de Fora,45,0,0,0,0,19,0,0,0,6,6,0,0,10,0,0,0,0,0,0,0,0,4,2,0,0,0,0,0,0,0,0,0,0,0,4,0,0,0
Juramento,1,0,0,0,0,0,0,0,0,0,0,0,0,0,0,0,0,0,0,0,0,0,0,0,0,0,0,0,0,0,0,0,0,0,0,0,0,0,1
Juruaia,4807,7,0,0,0,0,0,0,0,4800,4800,0,0,0,0,0,0,0,0,0,0,0,0,0,0,0,0,0,0,0,0,0,0,0,0,0,0,0,0
Juvenília,0,0,0,0,0,0,0,0,0,0,0,0,0,0,0,0,0,0,0,0,0,0,0,0,0,0,0,0,0,0,0,0,0,0,0,0,0,0,0
Ladainha,293,0,0,0,0,80,0,0,0,200,100,100,0,0,0,0,2,0,0,0,0,0,7,0,0,0,0,0,0,0,0,0,0,0,0,4,0,0,0
Lagamar,410,0,0,0,0,0,0,0,0,410,410,0,0,0,0,0,0,0,0,0,0,0,0,0,0,0,0,0,0,0,0,0,0,0,0,0,0,0,0
Lagoa da Prata,8,1,0,0,0,7,0,0,0,0,0,0,0,0,0,0,0,0,0,0,0,0,0,0,0,0,0,0,0,0,0,0,0,0,0,0,0,0,0
Lagoa dos Patos,0,0,0,0,0,0,0,0,0,0,0,0,0,0,0,0,0,0,0,0,0,0,0,0,0,0,0,0,0,0,0,0,0,0,0,0,0,0,0
Lagoa Dourada,289,5,0,0,0,2,0,0,0,262,262,0,0,0,0,0,0,0,0,0,0,0,0,5,0,0,0,10,0,0,0,0,0,0,0,5,0,0,0
Lagoa Formosa,1318,4,0,0,0,175,0,0,0,1050,1050,0,0,0,0,0,0,0,0,0,0,0,32,0,0,0,1,40,0,0,8,0,0,0,0,6,0,0,2
Lagoa Grande,253,0,0,0,0,0,0,0,0,140,140,0,0,0,0,0,0,0,0,0,0,0,0,0,0,90,5,5,0,0,0,0,0,0,0,0,0,0,13
Lagoa Santa,36,1,0,0,0,1,0,0,0,0,0,0,0,0,0,0,0,0,0,0,1,0,25,2,0,0,0,0,0,0,0,0,0,0,0,5,0,0,1
Lajinha,8532,0,0,0,0,44,0,0,0,8485,8485,0,0,0,0,0,1,0,0,0,0,0,2,0,0,0,0,0,0,0,0,0,0,0,0,0,0,0,0
Lambari,4924,0,0,0,0,100,0,0,0,4800,4800,0,0,0,0,0,0,0,0,0,0,0,0,0,0,0,0,0,0,0,0,0,0,0,0,24,0,0,0
Lamim,18,0,0,0,0,0,0,0,0,18,18,0,0,0,0,0,0,0,0,0,0,0,0,0,0,0,0,0,0,0,0,0,0,0,0,0,0,0,0
Laranjal,11,0,0,0,0,2,0,0,0,0,0,0,0,0,0,0,3,0,0,0,0,0,3,2,0,0,0,0,0,0,0,0,0,0,0,1,0,0,0
Lassance,924,2,0,0,0,320,0,0,0,100,100,0,0,0,0,0,20,0,0,0,0,0,80,1,1,280,2,2,0,0,0,0,0,0,0,20,0,0,96
Lavras,5069,4,0,0,0,25,0,0,0,5020,5020,0,0,2,0,0,0,0,0,0,5,0,12,0,0,0,0,0,0,0,0,0,0,0,0,0,0,0,1
Leandro Ferreira,1,0,0,0,0,1,0,0,0,0,0,0,0,0,0,0,0,0,0,0,0,0,0,0,0,0,0,0,0,0,0,0,0,0,0,0,0,0,0
Leme do Prado,78,0,0,0,0,7,0,0,0,68,68,0,0,0,0,0,0,0,0,0,0,0,3,0,0,0,0,0,0,0,0,0,0,0,0,0,0,0,0
Leopoldina,195,0,0,0,0,6,10,0,5,73,70,3,0,12,0,0,4,0,0,0,0,0,3,0,14,0,33,0,0,0,0,35,0,0,0,0,0,0,0
Liberdade,0,0,0,0,0,0,0,0,0,0,0,0,0,0,0,0,0,0,0,0,0,0,0,0,0,0,0,0,0,0,0,0,0,0,0,0,0,0,0
Lima Duarte,4,0,0,0,0,0,0,0,0,0,0,0,0,0,0,0,0,0,0,0,3,0,0,0,0,0,0,1,0,0,0,0,0,0,0,0,0,0,0
Limeira do Oeste,251,0,0,0,0,13,230,0,0,0,0,0,0,0,0,0,0,0,0,0,0,0,0,0,0,0,0,0,0,0,4,0,0,0,0,4,0,0,0
Lontra,0,0,0,0,0,0,0,0,0,0,0,0,0,0,0,0,0,0,0,0,0,0,0,0,0,0,0,0,0,0,0,0,0,0,0,0,0,0,0
Luisburgo,6282,113,0,0,0,18,0,0,0,6150,6150,0,0,0,0,0,0,0,0,0,0,0,0,0,0,0,1,0,0,0,0,0,0,0,0,0,0,0,0
Luislândia,8,0,0,0,0,7,0,0,0,0,0,0,0,0,0,0,0,0,0,0,0,0,1,0,0,0,0,0,0,0,0,0,0,0,0,0,0,0,0
Luminárias,2175,0,0,0,0,0,0,0,0,2175,2175,0,0,0,0,0,0,0,0,0,0,0,0,0,0,0,0,0,0,0,0,0,0,0,0,0,0,0,0
Luz,188,0,0,0,0,10,0,0,0,130,130,0,0,0,0,0,2,0,0,0,15,0,6,10,0,0,0,15,0,0,0,0,0,0,0,0,0,0,0
Machacalis,0,0,0,0,0,0,0,0,0,0,0,0,0,0,0,0,0,0,0,0,0,0,0,0,0,0,0,0,0,0,0,0,0,0,0,0,0,0,0
Machado,15597,15,0,0,0,30,0,0,0,15506,15506,0,0,5,0,0,0,0,0,0,12,0,5,6,2,0,0,1,0,0,0,0,7,0,0,8,0,0,0
Madre de Deus de Minas,212,0,0,0,0,0,0,0,0,0,0,0,0,0,0,0,0,0,0,2,0,0,205,0,0,0,0,0,0,0,0,0,0,0,0,5,0,0,0
Malacacheta,1056,0,0,0,0,40,0,0,0,1000,1000,0,0,0,0,0,5,0,0,0,0,0,3,1,0,0,0,3,0,0,0,0,0,2,0,0,0,2,0
Mamonas,0,0,0,0,0,0,0,0,0,0,0,0,0,0,0,0,0,0,0,0,0,0,0,0,0,0,0,0,0,0,0,0,0,0,0,0,0,0,0
Manga,294,0,0,0,0,262,0,0,0,0,0,0,0,0,0,0,0,0,0,0,0,0,0,0,0,25,7,0,0,0,0,0,0,0,0,0,0,0,0
Manhuaçu,22782,130,0,0,0,30,0,0,0,22600,22600,0,0,0,0,0,2,0,0,0,1,0,2,1,0,0,10,4,0,0,0,0,0,0,0,2,0,0,0
Manhumirim,5325,21,0,0,0,4,0,0,0,5300,5300,0,0,0,0,0,0,0,0,0,0,0,0,0,0,0,0,0,0,0,0,0,0,0,0,0,0,0,0
Mantena,1394,0,0,0,0,40,60,0,14,1100,500,600,0,0,0,0,150,0,0,0,0,0,0,0,0,0,15,4,0,0,0,0,0,11,0,0,0,0,0
Maravilhas,7,0,0,0,0,2,0,0,0,0,0,0,0,0,0,0,0,0,0,0,0,0,1,1,0,0,0,2,0,0,0,0,0,0,0,1,0,0,0
Mar de Espanha,121,0,0,0,0,38,0,0,0,80,80,0,0,0,0,0,0,0,0,0,0,0,1,0,0,0,0,0,0,0,0,0,0,0,0,2,0,0,0
Maria da Fé,304,0,0,0,50,150,0,0,0,90,90,0,0,0,0,0,0,0,0,0,0,0,5,0,1,0,0,0,0,0,0,0,1,0,0,0,0,0,7
Mariana,44,0,0,0,0,16,0,0,0,20,20,0,0,0,0,0,0,0,0,0,0,0,4,1,0,0,3,0,0,0,0,0,0,0,0,0,0,0,0
Marilac,225,0,0,0,0,220,0,0,0,0,0,0,0,0,0,0,2,0,0,0,2,0,0,0,0,0,0,0,0,0,0,0,0,0,0,0,0,0,1
Mário Campos,4,0,0,0,0,1,0,0,0,0,0,0,0,0,0,0,0,0,0,0,0,0,0,0,0,0,0,0,0,0,0,0,0,0,0,3,0,0,0
Maripá de Minas,5,0,0,0,0,5,0,0,0,0,0,0,0,0,0,0,0,0,0,0,0,0,0,0,0,0,0,0,0,0,0,0,0,0,0,0,0,0,0
Marliéria,18,0,0,0,0,10,0,0,0,2,2,0,0,0,0,0,3,0,0,0,0,0,0,3,0,0,0,0,0,0,0,0,0,0,0,0,0,0,0
Marmelópolis,50,1,0,0,0,0,0,0,0,0,0,0,0,0,0,0,0,0,0,5,0,0,1,6,0,0,0,0,12,0,0,0,25,0,0,0,0,0,0
Martinho Campos,9,0,0,0,0,0,0,0,0,0,0,0,0,0,0,0,0,0,0,0,0,0,0,0,2,0,0,7,0,0,0,0,0,0,0,0,0,0,0
Martins Soares,2950,0,0,0,0,0,0,0,0,2950,2950,0,0,0,0,0,0,0,0,0,0,0,0,0,0,0,0,0,0,0,0,0,0,0,0,0,0,0,0
Mata Verde,631,19,0,0,0,14,2,0,7,573,544,29,0,0,0,0,0,0,0,0,0,0,0,16,0,0,0,0,0,0,0,0,0,0,0,0,0,0,0
Materlândia,1,0,0,0,0,1,0,0,0,0,0,0,0,0,0,0,0,0,0,0,0,0,0,0,0,0,0,0,0,0,0,0,0,0,0,0,0,0,0
Mateus Leme,108,10,0,0,0,26,0,0,0,22,22,0,0,0,0,0,2,0,0,0,6,0,2,2,0,0,2,16,0,0,0,0,0,0,0,20,0,0,0
Matias Barbosa,29,0,0,0,0,18,0,0,0,0,0,0,0,0,0,0,0,0,0,0,1,0,0,6,0,0,2,0,0,0,0,0,0,0,0,2,0,0,0
Matias Cardoso,2905,40,0,0,0,1050,0,0,0,52,0,52,0,1,0,0,6,0,0,0,1,0,45,820,0,50,750,20,0,0,0,0,0,0,0,70,0,0,0
Matipó,4305,0,0,0,0,14,0,0,0,4290,4290,0,0,0,0,0,1,0,0,0,0,0,0,0,0,0,0,0,0,0,0,0,0,0,0,0,0,0,0
Mato Verde,5,0,0,0,0,3,0,0,0,0,0,0,0,0,0,0,2,0,0,0,0,0,0,0,0,0,0,0,0,0,0,0,0,0,0,0,0,0,0
Matozinhos,0,0,0,0,0,0,0,0,0,0,0,0,0,0,0,0,0,0,0,0,0,0,0,0,0,0,0,0,0,0,0,0,0,0,0,0,0,0,0
Matutina,251,2,0,0,0,0,0,0,0,247,247,0,0,0,0,0,0,0,0,0,0,0,0,0,0,0,0,2,0,0,0,0,0,0,0,0,0,0,0
Medeiros,3611,0,0,0,0,3,0,0,0,3280,3280,0,0,0,0,0,0,0,0,0,0,0,300,0,0,0,5,0,0,0,0,0,0,0,0,23,0,0,0
Medina,25,0,0,0,0,8,0,0,0,2,2,0,0,0,0,0,2,0,0,0,0,0,5,0,0,0,6,0,0,0,0,0,0,0,0,2,0,0,0
Mendes Pimentel,28,0,0,0,0,11,0,0,0,0,0,0,0,0,0,0,1,0,0,0,0,0,0,0,0,0,16,0,0,0,0,0,0,0,0,0,0,0,0
Mercês,38,1,0,0,0,15,0,0,0,20,20,0,0,0,0,0,0,0,0,0,0,0,0,1,0,0,0,0,0,0,0,0,0,0,0,1,0,0,0
Mesquita,33,0,0,0,0,16,0,0,0,0,0,0,0,0,0,0,14,0,0,0,0,0,1,0,0,0,0,0,0,0,0,0,0,0,0,2,0,0,0
Minas Novas,507,10,0,0,0,27,0,0,0,440,440,0,0,0,0,0,1,0,0,0,0,0,23,2,0,1,2,0,0,0,0,0,0,0,0,0,0,0,1
Minduri,100,4,0,0,0,2,0,0,0,2,2,0,0,0,0,0,0,0,0,0,0,0,15,0,0,0,0,0,0,0,0,0,0,0,0,77,0,0,0
Mirabela,0,0,0,0,0,0,0,0,0,0,0,0,0,0,0,0,0,0,0,0,0,0,0,0,0,0,0,0,0,0,0,0,0,0,0,0,0,0,0
Miradouro,2942,10,0,0,0,160,0,0,0,2765,2765,0,0,0,0,0,0,0,0,0,0,0,0,0,0,0,1,0,0,0,0,0,0,0,0,0,0,0,6
Miraí,354,0,0,0,0,30,2,0,0,320,320,0,0,0,0,0,1,0,0,0,0,0,1,0,0,0,0,0,0,0,0,0,0,0,0,0,0,0,0
Miravânia,0,0,0,0,0,0,0,0,0,0,0,0,0,0,0,0,0,0,0,0,0,0,0,0,0,0,0,0,0,0,0,0,0,0,0,0,0,0,0
Moeda,117,0,0,0,0,2,0,0,0,2,2,0,0,0,0,0,0,0,0,0,0,0,0,0,0,1,0,0,0,0,0,0,0,0,0,110,0,0,2
Moema,0,0,0,0,0,0,0,0,0,0,0,0,0,0,0,0,0,0,0,0,0,0,0,0,0,0,0,0,0,0,0,0,0,0,0,0,0,0,0
Monjolos,18,1,0,0,0,0,0,0,0,0,0,0,0,0,0,0,0,0,0,0,0,0,0,5,0,0,8,3,0,0,0,0,0,0,0,1,0,0,0
Monsenhor Paulo,4091,0,0,0,0,0,0,0,0,3690,3690,0,0,0,0,0,0,0,0,0,1,0,118,0,0,0,0,0,0,0,0,0,0,0,0,280,0,0,2
Montalvânia,367,0,0,0,0,290,0,0,0,0,0,0,0,0,0,0,2,0,0,0,0,0,0,0,0,45,0,0,0,0,0,0,0,30,0,0,0,0,0
Monte Alegre de Minas,2896,30,0,0,0,190,472,0,0,132,132,0,0,0,0,0,1,0,0,0,0,0,1850,51,0,20,40,9,0,0,91,0,0,0,0,10,0,0,0
Monte Azul,29,0,0,0,0,11,0,0,0,3,3,0,0,0,0,0,12,0,0,0,0,0,3,0,0,0,0,0,0,0,0,0,0,0,0,0,0,0,0
Monte Belo,5206,0,0,0,0,4,0,0,0,5200,5200,0,0,0,0,0,0,0,0,0,0,0,0,0,0,0,0,0,0,0,2,0,0,0,0,0,0,0,0
Monte Carmelo,16971,315,0,0,0,45,350,0,0,16200,16200,0,0,0,0,0,0,0,0,0,0,0,0,2,0,2,14,30,0,0,1,0,0,0,0,12,0,0,0
Monte Formoso,29,0,0,0,0,2,0,0,0,25,25,0,0,0,0,0,0,0,0,0,0,0,0,0,0,0,0,0,0,0,0,0,0,2,0,0,0,0,0
Monte Santo de Minas,10824,50,0,0,0,4,0,0,0,10650,10650,0,0,0,0,0,0,0,0,0,0,0,110,0,0,0,0,0,0,0,0,0,0,0,0,10,0,0,0
Montes Claros,730,3,0,0,0,500,0,0,0,0,0,0,0,0,0,0,4,0,0,0,0,0,12,20,0,40,98,4,0,0,14,0,0,0,0,35,0,0,0
Monte Sião,2133,0,0,0,0,5,0,0,0,2100,2100,0,0,0,0,0,0,0,0,0,1,0,8,0,0,0,0,0,0,0,0,0,0,0,0,10,0,0,9
Montezuma,44,0,0,0,0,3,0,0,0,40,40,0,0,0,0,0,0,0,0,0,0,0,1,0,0,0,0,0,0,0,0,0,0,0,0,0,0,0,0
Morada Nova de Minas,12,0,0,0,0,0,12,0,0,0,0,0,0,0,0,0,0,0,0,0,0,0,0,0,0,0,0,0,0,0,0,0,0,0,0,0,0,0,0
Morro da Garça,77,0,0,0,0,2,75,0,0,0,0,0,0,0,0,0,0,0,0,0,0,0,0,0,0,0,0,0,0,0,0,0,0,0,0,0,0,0,0
Morro do Pilar,14,0,0,0,0,3,0,0,0,0,0,0,0,0,0,0,0,0,0,0,5,0,0,0,0,0,5,0,0,0,0,0,0,0,0,0,0,1,0
Munhoz,16,0,0,0,0,0,0,0,0,14,14,0,0,0,0,0,0,0,0,0,0,0,0,2,0,0,0,0,0,0,0,0,0,0,0,0,0,0,0
Muriaé,1128,9,0,0,0,64,120,0,0,900,875,25,0,0,0,0,3,0,0,0,3,0,4,0,0,0,0,17,0,0,4,0,0,0,0,0,0,0,4
Mutum,7446,20,0,0,0,40,0,0,0,7335,7020,315,0,0,0,0,24,0,0,0,0,0,6,2,0,0,15,0,0,0,0,0,0,1,0,3,0,0,0
Muzambinho,8404,2,0,0,0,2,0,0,0,8400,8400,0,0,0,0,0,0,0,0,0,0,0,0,0,0,0,0,0,0,0,0,0,0,0,0,0,0,0,0
Nacip Raydan,4,0,0,0,0,4,0,0,0,0,0,0,0,0,0,0,0,0,0,0,0,0,0,0,0,0,0,0,0,0,0,0,0,0,0,0,0,0,0
Nanuque,9,0,0,0,0,0,0,0,0,0,0,0,0,0,0,0,0,0,0,0,0,0,0,0,0,1,0,0,0,0,0,0,0,8,0,0,0,0,0
Naque,14,0,0,0,0,6,0,0,0,0,0,0,0,0,0,0,7,0,0,0,0,0,0,0,0,0,0,1,0,0,0,0,0,0,0,0,0,0,0
Natalândia,26,0,0,0,0,0,0,0,0,0,0,0,0,0,0,0,20,0,0,0,0,0,0,0,0,2,2,2,0,0,0,0,0,0,0,0,0,0,0
Natércia,2568,0,0,0,0,48,0,0,0,2520,2520,0,0,0,0,0,0,0,0,0,0,0,0,0,0,0,0,0,0,0,0,0,0,0,0,0,0,0,0
Nazareno,2125,0,0,0,0,0,0,0,0,2120,2120,0,0,0,0,0,0,0,0,0,0,0,3,0,0,0,0,1,0,0,0,0,0,0,0,0,0,0,1
Nepomuceno,10482,50,0,0,0,7,0,0,0,10420,10420,0,0,0,0,0,0,0,0,0,0,0,2,0,0,0,0,0,0,0,0,0,2,0,0,0,0,0,1
Ninheira,1908,0,0,0,0,5,0,0,0,1903,1903,0,0,0,0,0,0,0,0,0,0,0,0,0,0,0,0,0,0,0,0,0,0,0,0,0,0,0,0
Nova Belém,5146,1,0,0,0,25,0,0,0,5100,4500,600,0,0,0,0,4,0,0,0,0,0,5,0,0,0,0,0,0,0,2,0,0,2,0,7,0,0,0
Nova Era,24,0,0,0,0,10,0,0,0,12,12,0,0,0,0,0,1,0,0,0,0,0,0,1,0,0,0,0,0,0,0,0,0,0,0,0,0,0,0
Nova Lima,22,2,0,0,0,3,0,0,0,1,1,0,0,0,0,0,0,0,0,0,3,0,2,5,0,0,0,0,0,0,0,0,0,0,0,6,0,0,0
Nova Módica,21,0,0,0,0,8,0,0,0,10,0,10,0,0,0,0,0,0,0,0,0,0,0,0,0,0,0,3,0,0,0,0,0,0,0,0,0,0,0
Nova Ponte,622,1,0,0,0,8,0,0,0,610,610,0,0,0,0,0,0,0,0,0,0,0,0,2,0,0,0,1,0,0,0,0,0,0,0,0,0,0,0
Nova Porteirinha,2447,0,0,0,0,2110,0,0,0,3,3,0,0,0,0,0,5,0,0,0,60,0,0,4,0,40,145,10,0,0,0,0,0,0,0,10,0,0,60
Nova Resende,14682,15,0,0,0,3,0,0,0,14500,14500,0,0,0,0,0,0,0,0,0,0,0,150,0,0,0,0,0,0,0,0,0,0,0,0,13,0,0,1
Nova Serrana,0,0,0,0,0,0,0,0,0,0,0,0,0,0,0,0,0,0,0,0,0,0,0,0,0,0,0,0,0,0,0,0,0,0,0,0,0,0,0
Novo Cruzeiro,847,0,0,0,0,18,0,0,0,814,814,0,0,0,0,0,0,0,0,0,0,0,8,0,0,3,0,0,0,0,0,0,0,1,0,1,0,2,0
Novo Oriente de Minas,38,0,0,0,0,6,0,0,0,0,0,0,0,0,0,0,5,0,0,0,0,0,0,0,0,2,0,0,0,0,0,0,0,25,0,0,0,0,0
Novorizonte,83,0,0,0,0,40,0,0,0,27,27,0,0,0,0,0,0,0,0,0,0,0,2,0,0,0,3,6,0,0,0,0,0,0,0,5,0,0,0
Olaria,4,0,0,0,0,2,0,0,0,0,0,0,0,0,0,0,0,0,0,0,2,0,0,0,0,0,0,0,0,0,0,0,0,0,0,0,0,0,0
Olhos0d'Água,5,0,0,0,0,4,0,0,0,0,0,0,0,0,0,0,0,0,0,0,0,0,0,0,0,0,1,0,0,0,0,0,0,0,0,0,0,0,0
Olímpio Noronha,780,0,0,0,0,60,0,0,0,720,720,0,0,0,0,0,0,0,0,0,0,0,0,0,0,0,0,0,0,0,0,0,0,0,0,0,0,0,0
Oliveira,7155,0,0,0,0,4,0,0,0,7035,7035,0,0,0,0,0,0,0,0,0,5,0,108,0,0,0,1,0,0,0,0,0,0,0,0,0,0,0,2
Oliveira Fortes,41,0,0,0,0,34,0,0,0,0,0,0,0,0,0,0,0,0,0,0,0,0,1,0,0,0,0,0,0,0,0,0,6,0,0,0,0,0,0
Onça de Pitangui,44,2,0,0,0,15,0,0,0,0,0,0,0,0,0,0,0,0,0,0,2,0,0,0,0,0,0,25,0,0,0,0,0,0,0,0,0,0,0
Oratórios,13,0,0,0,0,10,0,0,0,0,0,0,0,0,0,0,0,0,0,0,0,0,0,1,0,0,0,0,0,0,0,0,0,0,0,2,0,0,0
Orizânia,4170,0,0,0,0,20,0,0,0,4150,4150,0,0,0,0,0,0,0,0,0,0,0,0,0,0,0,0,0,0,0,0,0,0,0,0,0,0,0,0
Ouro Branco,45,24,0,0,0,8,0,0,0,5,5,0,0,0,0,0,0,0,0,0,0,0,0,1,2,0,3,0,0,0,0,0,0,0,0,2,0,0,0
Ouro Fino,5855,2,0,0,0,11,0,0,0,5820,5820,0,0,0,0,0,0,0,0,0,0,0,9,10,0,0,0,0,0,0,0,0,0,0,0,3,0,0,0
Ouro Preto,50,0,0,0,0,12,0,0,0,25,25,0,0,0,0,0,0,0,0,0,3,0,8,0,0,0,1,0,0,0,0,0,0,0,0,0,0,0,1
Ouro Verde de Minas,146,0,0,0,0,46,0,0,0,68,20,48,0,0,0,0,4,0,0,0,0,0,2,0,0,0,0,0,0,0,0,0,0,20,0,0,0,6,0
Padre Carvalho,12,0,0,0,0,0,0,0,0,12,12,0,0,0,0,0,0,0,0,0,0,0,0,0,0,0,0,0,0,0,0,0,0,0,0,0,0,0,0
Padre Paraíso,208,0,0,0,0,30,0,0,0,165,165,0,0,0,0,0,1,0,0,0,0,0,10,0,0,0,0,0,0,0,0,0,0,0,0,1,0,1,0
Paineiras,11,0,0,0,0,6,0,0,0,0,0,0,0,0,0,0,0,0,0,0,0,0,1,0,0,0,0,0,0,0,4,0,0,0,0,0,0,0,0
Pains,11,1,0,0,0,0,0,0,0,0,0,0,0,0,0,0,0,0,0,0,2,0,0,6,0,0,0,2,0,0,0,0,0,0,0,0,0,0,0
Pai Pedro,3,0,0,0,0,3,0,0,0,0,0,0,0,0,0,0,0,0,0,0,0,0,0,0,0,0,0,0,0,0,0,0,0,0,0,0,0,0,0
Paiva,8,0,0,0,0,6,0,0,0,2,2,0,0,0,0,0,0,0,0,0,0,0,0,0,0,0,0,0,0,0,0,0,0,0,0,0,0,0,0
Palma,151,0,0,0,0,4,10,0,0,112,0,112,0,0,0,0,0,0,0,0,0,0,0,0,0,0,5,0,0,0,0,0,0,0,0,20,0,0,0
Palmópolis,10,0,0,0,0,0,0,0,6,2,2,0,0,0,0,0,0,0,0,0,0,0,0,0,0,0,0,0,0,0,0,0,0,0,0,2,0,0,0
Papagaios,23,0,0,0,0,6,0,0,0,0,0,0,0,1,0,0,0,0,0,0,1,0,0,0,0,5,5,1,0,0,0,0,0,0,0,4,0,0,0
Paracatu,1624,2,0,0,0,45,0,0,0,1545,1545,0,0,0,0,0,1,0,0,0,0,0,6,0,0,25,0,0,0,0,0,0,0,0,0,0,0,0,0
Pará de Minas,77,0,0,0,0,4,60,0,0,0,0,0,0,0,0,0,0,0,0,0,3,0,0,0,0,0,1,9,0,0,0,0,0,0,0,0,0,0,0
Paraguaçu,10087,0,0,0,0,3,0,0,0,9950,9950,0,0,0,0,0,0,0,0,0,0,0,0,130,0,0,1,0,0,0,0,1,0,0,0,2,0,0,0
Paraisópolis,249,0,0,0,0,165,0,0,0,75,75,0,0,1,0,0,0,0,0,0,0,0,3,0,2,0,0,0,0,0,0,1,0,0,0,0,0,0,2
Paraopeba,181,4,0,0,0,145,0,0,0,0,0,0,0,0,0,0,0,0,0,0,2,0,1,1,0,4,5,10,0,0,0,0,0,0,0,9,0,0,0
Passabém,40,2,0,0,0,8,0,0,0,30,30,0,0,0,0,0,0,0,0,0,0,0,0,0,0,0,0,0,0,0,0,0,0,0,0,0,0,0,0
Passa Quatro,47,9,0,0,2,7,0,0,0,0,0,0,0,22,0,0,0,0,0,0,0,0,2,0,0,0,0,1,0,0,0,3,1,0,0,0,0,0,0
Passa Tempo,108,6,0,0,0,15,0,0,0,80,80,0,0,0,0,0,0,0,0,0,0,0,1,1,0,0,0,3,0,0,0,0,0,0,0,1,0,0,1
Passa Vinte,2,0,0,0,2,0,0,0,0,0,0,0,0,0,0,0,0,0,0,0,0,0,0,0,0,0,0,0,0,0,0,0,0,0,0,0,0,0,0
Passos,3391,7,0,0,0,10,0,0,0,3370,3370,0,0,0,0,0,0,0,0,0,0,0,0,0,0,0,0,1,0,0,0,0,0,0,0,0,0,0,3
Patis,20,0,0,0,0,0,0,0,0,20,20,0,0,0,0,0,0,0,0,0,0,0,0,0,0,0,0,0,0,0,0,0,0,0,0,0,0,0,0
Patos de Minas,9289,14,0,0,0,48,0,0,0,9175,9175,0,0,0,0,0,0,0,0,0,1,0,4,3,0,0,0,20,0,0,0,0,0,0,0,22,0,0,2
Patrocínio,43058,25,0,0,0,25,0,0,0,42830,42830,0,0,0,0,0,7,0,0,0,0,0,70,9,0,0,15,40,0,0,5,0,0,0,0,32,0,0,0
Patrocínio do Muriaé,5,0,0,0,0,3,0,0,0,0,0,0,0,0,0,0,2,0,0,0,0,0,0,0,0,0,0,0,0,0,0,0,0,0,0,0,0,0,0
Paula Cândido,1424,1,0,0,0,8,0,0,0,1370,1370,0,0,0,0,0,0,0,0,0,40,0,0,0,0,0,1,2,0,0,0,0,0,0,0,0,0,0,2
Paulistas,14,0,0,0,0,6,0,0,0,0,0,0,0,0,0,0,0,0,0,0,0,0,8,0,0,0,0,0,0,0,0,0,0,0,0,0,0,0,0
Pavão,7,0,0,0,0,3,0,0,0,0,0,0,0,0,0,0,4,0,0,0,0,0,0,0,0,0,0,0,0,0,0,0,0,0,0,0,0,0,0
Peçanha,204,0,0,0,0,27,0,0,0,166,166,0,0,0,0,0,2,0,0,0,0,0,0,0,0,6,0,3,0,0,0,0,0,0,0,0,0,0,0
Pedra Azul,48,0,0,0,0,26,0,0,0,10,10,0,0,0,0,0,0,0,0,0,0,0,4,0,0,0,2,0,0,0,0,0,0,0,0,1,0,5,0
Pedra Bonita,3751,0,0,0,0,1,0,0,0,3750,3750,0,0,0,0,0,0,0,0,0,0,0,0,0,0,0,0,0,0,0,0,0,0,0,0,0,0,0,0
Pedra do Anta,256,0,0,0,0,15,0,0,0,240,240,0,0,0,0,0,0,0,0,0,0,0,0,0,0,0,0,0,0,0,0,0,0,0,0,1,0,0,0
Pedra do Indaiá,13,0,0,0,0,13,0,0,0,0,0,0,0,0,0,0,0,0,0,0,0,0,0,0,0,0,0,0,0,0,0,0,0,0,0,0,0,0,0
Pedra Dourada,1312,0,0,0,0,12,0,0,0,1300,1300,0,0,0,0,0,0,0,0,0,0,0,0,0,0,0,0,0,0,0,0,0,0,0,0,0,0,0,0
Pedralva,4266,2,0,0,20,1550,0,0,0,2530,2530,0,0,0,0,0,0,0,0,0,0,0,124,0,0,0,0,0,0,0,0,0,0,0,0,40,0,0,0
Pedras de Maria da Cruz,195,0,0,0,0,150,0,0,0,0,0,0,0,0,0,0,45,0,0,0,0,0,0,0,0,0,0,0,0,0,0,0,0,0,0,0,0,0,0
Pedrinópolis,437,0,0,0,0,2,0,0,0,430,430,0,0,0,0,0,0,0,0,0,0,0,0,0,0,0,0,5,0,0,0,0,0,0,0,0,0,0,0
Pedro Leopoldo,16,10,0,0,0,1,0,0,0,0,0,0,0,0,0,0,0,0,0,0,0,0,0,2,0,0,2,1,0,0,0,0,0,0,0,0,0,0,0
Pedro Teixeira,9,0,0,0,0,0,0,0,0,0,0,0,0,0,0,0,0,0,0,0,0,0,7,1,0,0,0,0,0,0,0,0,0,0,0,1,0,0,0
Pequeri,8,0,0,0,0,8,0,0,0,0,0,0,0,0,0,0,0,0,0,0,0,0,0,0,0,0,0,0,0,0,0,0,0,0,0,0,0,0,0
Pequi,47,2,0,0,0,40,0,0,0,0,0,0,0,0,0,0,0,0,0,0,3,0,1,0,0,0,1,0,0,0,0,0,0,0,0,0,0,0,0
Perdigão,3,0,0,0,0,3,0,0,0,0,0,0,0,0,0,0,0,0,0,0,0,0,0,0,0,0,0,0,0,0,0,0,0,0,0,0,0,0,0
Perdizes,5804,8,0,0,0,3,0,0,0,5595,5595,0,0,0,0,0,0,0,0,0,0,0,140,0,0,0,20,36,0,0,0,0,0,2,0,0,0,0,0
Perdões,3529,0,0,0,0,9,0,0,0,3340,3340,0,0,0,0,0,0,0,0,0,0,0,33,0,0,0,0,0,0,0,0,0,0,0,0,146,0,0,1
Periquito,14,0,0,0,0,10,0,0,0,0,0,0,0,0,0,0,4,0,0,0,0,0,0,0,0,0,0,0,0,0,0,0,0,0,0,0,0,0,0
Pescador,4,0,0,0,0,0,0,0,0,0,0,0,0,0,0,0,0,0,0,0,0,0,0,0,0,0,0,0,0,0,0,0,0,0,0,0,0,4,0
Piau,1196,0,0,0,0,1070,0,0,0,0,0,0,0,0,0,0,0,0,0,0,0,0,5,4,0,0,1,0,0,0,6,0,0,0,0,110,0,0,0
Piedade de Caratinga,3610,24,0,0,0,60,0,0,0,3500,3500,0,0,0,0,0,1,0,0,0,1,0,13,4,0,0,1,1,0,0,0,0,0,0,0,5,0,0,0
Piedade de Ponte Nova,3,0,0,0,0,3,0,0,0,0,0,0,0,0,0,0,0,0,0,0,0,0,0,0,0,0,0,0,0,0,0,0,0,0,0,0,0,0,0
Piedade do Rio Grande,264,26,0,0,0,0,0,0,0,0,0,0,0,10,0,0,0,0,0,0,24,0,65,0,40,0,0,0,0,0,0,1,15,0,0,75,0,0,8
Piedade dos Gerais,879,17,0,0,0,6,0,0,0,0,0,0,0,4,0,0,0,0,0,0,0,0,34,7,0,0,2,9,0,0,0,0,0,0,0,800,0,0,0
Pimenta,2153,1,0,0,0,10,0,0,0,2142,2142,0,0,0,0,0,0,0,0,0,0,0,0,0,0,0,0,0,0,0,0,0,0,0,0,0,0,0,0
Pingo0d'Água,2,0,0,0,0,2,0,0,0,0,0,0,0,0,0,0,0,0,0,0,0,0,0,0,0,0,0,0,0,0,0,0,0,0,0,0,0,0,0
Pintópolis,1,0,0,0,0,0,0,0,0,0,0,0,0,0,0,0,0,0,0,0,0,0,0,0,0,0,0,1,0,0,0,0,0,0,0,0,0,0,0
Piracema,33,0,0,0,0,5,0,0,0,5,5,0,0,0,0,0,0,0,0,0,0,0,2,1,0,0,0,8,0,0,0,0,0,0,0,12,0,0,0
Pirajuba,51,0,0,0,0,0,50,0,0,0,0,0,0,0,0,0,0,0,0,0,1,0,0,0,0,0,0,0,0,0,0,0,0,0,0,0,0,0,0
Piranga,182,0,0,0,0,6,0,0,0,160,160,0,0,0,0,0,0,0,0,0,0,0,6,3,0,0,2,0,0,0,0,0,0,0,0,4,0,0,1
Piranguçu,446,0,0,0,3,415,0,0,0,6,6,0,0,1,0,0,0,0,0,0,0,0,3,0,0,0,0,0,0,0,0,0,0,0,0,8,0,0,10
Piranguinho,504,0,0,0,0,22,0,0,0,473,473,0,0,0,0,0,0,0,0,0,0,0,6,0,0,0,0,3,0,0,0,0,0,0,0,0,0,0,0
Pirapetinga,102,0,0,0,0,10,0,0,0,85,0,85,0,0,0,0,2,0,0,0,0,0,3,0,0,0,2,0,0,0,0,0,0,0,0,0,0,0,0
Pirapora,2195,2,0,0,0,576,0,0,0,890,890,0,0,0,0,0,10,0,0,0,6,0,416,2,0,70,20,10,0,0,0,0,0,0,0,53,0,0,140
Piraúba,395,2,0,0,0,45,0,0,0,0,0,0,0,0,0,0,10,0,0,0,85,0,33,11,0,0,77,7,0,0,0,0,0,0,0,125,0,0,0
Pitangui,13,1,0,0,0,0,0,0,0,0,0,0,0,0,0,0,3,0,0,0,0,0,0,7,0,0,0,0,0,0,0,0,0,0,0,2,0,0,0
Piumhi,12657,0,0,0,0,0,0,0,0,12620,12620,0,0,0,0,0,0,0,0,0,0,0,33,1,0,0,0,3,0,0,0,0,0,0,0,0,0,0,0
Planura,420,0,0,0,0,0,120,0,0,0,0,0,0,0,0,0,0,0,0,0,0,0,300,0,0,0,0,0,0,0,0,0,0,0,0,0,0,0,0
Poço Fundo,9927,12,0,0,0,70,0,0,0,9845,9845,0,0,0,0,0,0,0,0,0,0,0,0,0,0,0,0,0,0,0,0,0,0,0,0,0,0,0,0
Poços de Caldas,3915,200,0,0,0,15,0,0,0,3700,3700,0,0,0,0,0,0,0,0,0,0,0,0,0,0,0,0,0,0,0,0,0,0,0,0,0,0,0,0
Pocrane,747,4,0,0,0,5,0,0,0,728,128,600,0,0,0,0,7,0,0,0,0,0,3,0,0,0,0,0,0,0,0,0,0,0,0,0,0,0,0
Pompéu,34,4,0,0,0,15,0,0,0,0,0,0,0,0,0,0,0,0,0,0,0,0,0,0,0,0,4,3,0,0,0,0,0,0,0,1,0,7,0
Ponte Nova,99,0,0,0,0,80,0,0,0,2,2,0,0,0,0,0,0,0,0,0,6,0,3,2,0,0,2,0,0,0,2,0,0,0,0,2,0,0,0
Ponto Chique,4,0,0,0,0,4,0,0,0,0,0,0,0,0,0,0,0,0,0,0,0,0,0,0,0,0,0,0,0,0,0,0,0,0,0,0,0,0,0
Ponto dos Volantes,139,0,0,0,0,72,0,0,0,60,60,0,0,0,0,0,0,0,0,0,0,0,5,0,0,0,2,0,0,0,0,0,0,0,0,0,0,0,0
Porteirinha,252,0,0,0,0,235,0,0,0,0,0,0,0,0,0,0,5,0,0,0,0,0,5,0,0,0,6,0,0,0,0,0,0,0,0,1,0,0,0
Porto Firme,489,0,0,0,0,8,0,0,0,475,475,0,0,0,0,0,0,0,0,0,4,0,0,1,0,0,0,1,0,0,0,0,0,0,0,0,0,0,0
Poté,125,0,0,0,0,82,0,0,0,24,24,0,0,0,0,0,1,0,0,0,0,0,12,0,0,0,0,0,0,0,0,0,0,0,0,4,0,2,0
Pouso Alegre,213,20,0,0,0,16,0,0,0,33,33,0,0,40,0,0,0,0,0,0,6,0,4,6,12,0,3,2,0,0,0,25,8,0,0,28,0,0,10
Pouso Alto,138,0,0,0,20,16,0,0,0,100,100,0,0,0,0,0,0,0,0,0,1,0,0,0,0,0,0,0,0,0,0,0,0,0,0,0,0,0,1
Prados,10,0,0,0,0,0,0,0,0,0,0,0,0,0,0,0,0,0,0,0,5,0,0,0,0,0,0,0,0,0,0,0,3,0,0,2,0,0,0
Prata,12282,5,0,0,0,12,4970,0,0,0,0,0,0,0,0,0,7,0,0,0,0,0,7216,32,0,25,10,0,0,0,0,0,0,0,0,5,0,0,0
Pratápolis,298,10,0,0,0,43,0,0,0,176,176,0,0,0,0,0,0,0,0,8,4,0,5,1,0,0,30,4,0,0,0,0,10,0,0,0,0,0,7
Pratinha,4340,140,0,0,0,0,0,0,0,4200,4200,0,0,0,0,0,0,0,0,0,0,0,0,0,0,0,0,0,0,0,0,0,0,0,0,0,0,0,0
Presidente Bernardes,345,0,0,0,0,0,0,0,0,345,345,0,0,0,0,0,0,0,0,0,0,0,0,0,0,0,0,0,0,0,0,0,0,0,0,0,0,0,0
Presidente Juscelino,16,5,0,0,0,3,0,0,0,0,0,0,0,0,0,0,0,0,0,0,0,0,0,0,0,0,8,0,0,0,0,0,0,0,0,0,0,0,0
Presidente Kubitschek,32,0,0,0,0,5,0,0,0,19,19,0,0,0,0,0,0,0,0,0,6,0,0,2,0,0,0,0,0,0,0,0,0,0,0,0,0,0,0
Presidente Olegário,5574,30,0,0,0,50,0,0,0,5410,5410,0,0,0,0,0,10,0,0,0,0,0,4,0,0,0,0,70,0,0,0,0,0,0,0,0,0,0,0
Alto Jequitibá,5354,0,0,0,0,4,0,0,0,5350,5350,0,0,0,0,0,0,0,0,0,0,0,0,0,0,0,0,0,0,0,0,0,0,0,0,0,0,0,0
Prudente de Morais,0,0,0,0,0,0,0,0,0,0,0,0,0,0,0,0,0,0,0,0,0,0,0,0,0,0,0,0,0,0,0,0,0,0,0,0,0,0,0
Quartel Geral,195,0,0,0,0,8,12,0,0,175,175,0,0,0,0,0,0,0,0,0,0,0,0,0,0,0,0,0,0,0,0,0,0,0,0,0,0,0,0
Queluzito,92,6,0,0,0,0,0,0,0,0,0,0,0,0,0,0,0,0,0,0,0,0,1,0,0,0,5,0,0,0,0,0,0,0,0,80,0,0,0
Raposos,3,0,0,0,0,0,0,0,0,3,3,0,0,0,0,0,0,0,0,0,0,0,0,0,0,0,0,0,0,0,0,0,0,0,0,0,0,0,0
Raul Soares,3746,4,0,0,0,70,180,0,0,3480,3430,50,0,0,0,0,2,0,0,0,0,0,1,0,0,0,6,0,0,0,0,0,0,0,0,3,0,0,0
Recreio,8,0,0,0,0,0,8,0,0,0,0,0,0,0,0,0,0,0,0,0,0,0,0,0,0,0,0,0,0,0,0,0,0,0,0,0,0,0,0
Reduto,3300,0,0,0,0,0,0,0,0,3300,3300,0,0,0,0,0,0,0,0,0,0,0,0,0,0,0,0,0,0,0,0,0,0,0,0,0,0,0,0
Resende Costa,1,0,0,0,0,0,0,0,0,0,0,0,0,0,0,0,0,0,0,0,0,0,0,0,0,0,0,0,0,0,0,0,0,0,0,1,0,0,0
Resplendor,248,0,0,0,0,9,0,0,0,220,0,220,0,0,0,0,13,0,0,0,0,0,3,0,0,0,2,1,0,0,0,0,0,0,0,0,0,0,0
Ressaquinha,42,1,0,0,0,2,0,0,0,0,0,0,0,6,0,0,0,0,0,0,9,0,0,1,10,0,1,3,0,0,0,0,8,0,0,1,0,0,0
Riachinho,405,0,0,0,0,5,0,0,0,0,0,0,0,0,0,0,0,0,0,0,0,0,350,0,0,0,0,0,0,0,0,0,0,0,0,50,0,0,0
Riacho dos Machados,11,0,0,0,0,6,0,0,0,0,0,0,0,0,0,0,2,0,0,0,0,0,0,0,0,0,0,1,0,0,0,0,0,0,0,0,0,2,0
Ribeirão das Neves,3,0,0,0,0,3,0,0,0,0,0,0,0,0,0,0,0,0,0,0,0,0,0,0,0,0,0,0,0,0,0,0,0,0,0,0,0,0,0
Ribeirão Vermelho,297,2,0,0,0,1,0,0,0,285,285,0,0,0,0,0,0,0,0,0,0,0,0,0,0,0,0,0,0,0,0,0,0,0,0,9,0,0,0
Rio Acima,2,0,0,0,0,2,0,0,0,0,0,0,0,0,0,0,0,0,0,0,0,0,0,0,0,0,0,0,0,0,0,0,0,0,0,0,0,0,0
Rio Casca,7,0,0,0,0,3,0,0,0,0,0,0,0,0,0,0,0,0,0,0,2,0,0,0,0,0,0,0,0,0,0,0,0,0,0,2,0,0,0
Rio Doce,0,0,0,0,0,0,0,0,0,0,0,0,0,0,0,0,0,0,0,0,0,0,0,0,0,0,0,0,0,0,0,0,0,0,0,0,0,0,0
Rio do Prado,0,0,0,0,0,0,0,0,0,0,0,0,0,0,0,0,0,0,0,0,0,0,0,0,0,0,0,0,0,0,0,0,0,0,0,0,0,0,0
Rio Espera,9,0,0,0,0,7,0,0,0,2,2,0,0,0,0,0,0,0,0,0,0,0,0,0,0,0,0,0,0,0,0,0,0,0,0,0,0,0,0
Rio Manso,7,1,0,0,0,1,0,0,0,0,0,0,0,0,0,0,0,0,0,0,0,0,0,0,0,0,0,1,0,0,0,0,0,0,0,4,0,0,0
Rio Novo,24,2,0,0,0,5,0,0,0,0,0,0,0,5,0,0,0,0,0,0,2,0,0,0,0,0,2,0,0,0,3,0,0,0,0,5,0,0,0
Rio Paranaíba,14680,1107,0,0,0,4,0,0,0,13535,13535,0,0,0,0,0,0,0,0,0,0,0,1,0,1,0,20,10,0,0,0,0,0,0,0,2,0,0,0
Rio Pardo de Minas,710,0,0,0,0,30,0,0,0,560,560,0,0,0,0,0,1,0,0,0,1,0,10,0,0,2,90,0,0,0,0,0,0,0,0,15,0,1,0
Rio Piracicaba,13,0,0,0,0,11,0,0,0,0,0,0,0,0,0,0,0,0,0,0,0,0,2,0,0,0,0,0,0,0,0,0,0,0,0,0,0,0,0
Rio Pomba,50,2,0,0,0,14,0,0,0,0,0,0,0,0,0,0,0,0,0,0,7,0,1,2,0,0,16,2,0,0,0,0,0,0,0,6,0,0,0
Rio Preto,12,0,0,0,0,3,0,0,0,0,0,0,0,0,0,0,0,0,0,0,1,0,0,5,0,0,0,0,0,0,0,0,0,0,0,3,0,0,0
Rio Vermelho,132,0,0,0,0,9,0,0,0,13,13,0,0,0,0,0,0,0,0,0,0,0,0,0,0,0,0,0,0,0,0,0,0,0,0,0,0,110,0
Ritápolis,231,0,0,0,0,0,0,0,0,225,225,0,0,0,0,0,0,0,0,0,0,0,5,0,0,0,0,0,0,0,0,0,0,0,0,0,0,0,1
Rochedo de Minas,0,0,0,0,0,0,0,0,0,0,0,0,0,0,0,0,0,0,0,0,0,0,0,0,0,0,0,0,0,0,0,0,0,0,0,0,0,0,0
Rodeiro,76,0,0,0,0,3,0,0,0,0,0,0,0,0,0,0,0,0,0,0,1,0,0,2,0,0,36,0,0,0,0,0,0,0,0,34,0,0,0
Romaria,5709,2,0,0,0,1,0,0,0,5700,5700,0,0,0,0,0,0,0,0,0,0,0,0,5,0,0,0,1,0,0,0,0,0,0,0,0,0,0,0
Rosário da Limeira,817,0,0,0,0,20,2,0,0,790,790,0,0,0,0,0,0,0,0,0,1,0,1,0,0,0,0,1,0,0,0,0,0,0,0,0,0,0,2
Rubelita,18,0,0,0,0,5,0,0,0,0,0,0,0,0,0,0,12,0,0,0,0,0,1,0,0,0,0,0,0,0,0,0,0,0,0,0,0,0,0
Rubim,3,0,0,0,0,2,0,0,0,0,0,0,0,0,0,0,0,0,0,0,0,0,0,1,0,0,0,0,0,0,0,0,0,0,0,0,0,0,0
Sabará,161,0,0,0,0,155,0,0,0,6,6,0,0,0,0,0,0,0,0,0,0,0,0,0,0,0,0,0,0,0,0,0,0,0,0,0,0,0,0
Sabinópolis,33,0,0,0,0,14,0,0,0,15,15,0,0,0,0,0,0,0,0,0,0,0,2,1,0,0,0,0,0,0,0,0,0,0,0,1,0,0,0
Sacramento,3200,525,0,0,0,2,24,0,0,2350,2350,0,0,0,0,0,0,0,0,0,0,0,104,5,0,3,120,3,0,0,0,0,0,0,0,60,0,0,4
Salinas,118,0,0,0,0,50,0,0,0,14,4,10,0,0,0,0,8,0,0,0,6,0,10,3,0,5,8,3,0,0,0,0,0,0,0,10,0,0,1
Salto da Divisa,13,0,0,0,0,11,0,0,0,0,0,0,0,0,0,0,1,0,0,0,0,0,0,1,0,0,0,0,0,0,0,0,0,0,0,0,0,0,0
Santa Bárbara,25,0,0,0,0,10,0,0,0,12,12,0,0,0,0,0,0,0,0,0,0,0,0,0,0,0,0,0,0,0,0,0,0,0,0,3,0,0,0
Santa Bárbara do Leste,3420,70,0,0,0,42,0,0,0,3260,3260,0,0,0,0,0,0,0,0,0,2,0,2,5,0,1,12,20,0,0,1,0,0,0,0,5,0,0,0
Santa Bárbara do Monte Verde,22,0,0,0,0,0,0,0,0,10,10,0,0,0,0,0,0,0,0,0,0,0,0,0,0,0,0,0,0,0,1,0,0,0,0,0,0,0,11
Santa Bárbara do Tugúrio,455,1,0,0,0,435,0,0,0,15,15,0,0,0,0,0,0,0,0,0,0,0,0,1,0,0,1,2,0,0,0,0,0,0,0,0,0,0,0
Santa Cruz de Salinas,13,1,0,0,0,6,0,0,0,0,0,0,0,0,0,0,1,0,0,0,0,0,2,1,0,0,0,0,0,0,0,0,0,0,0,2,0,0,0
Santa Cruz do Escalvado,8,0,0,0,0,7,0,0,0,0,0,0,0,0,0,0,1,0,0,0,0,0,0,0,0,0,0,0,0,0,0,0,0,0,0,0,0,0,0
Santa Efigênia de Minas,9,0,0,0,0,9,0,0,0,0,0,0,0,0,0,0,0,0,0,0,0,0,0,0,0,0,0,0,0,0,0,0,0,0,0,0,0,0,0
Santa Fé de Minas,0,0,0,0,0,0,0,0,0,0,0,0,0,0,0,0,0,0,0,0,0,0,0,0,0,0,0,0,0,0,0,0,0,0,0,0,0,0,0
Santa Helena de Minas,51,0,0,0,0,50,0,0,0,0,0,0,0,0,0,0,0,0,0,0,0,0,0,0,0,0,0,0,0,0,0,0,0,0,0,1,0,0,0
Santa Juliana,134,6,0,0,0,3,0,0,0,98,98,0,0,0,0,0,0,0,0,0,0,0,2,0,0,0,20,0,0,0,0,0,0,0,0,5,0,0,0
Santa Luzia,21,0,0,0,0,17,0,0,0,0,0,0,0,0,0,0,0,0,0,0,0,0,0,0,0,2,0,0,0,0,0,0,0,0,0,0,0,0,2
Santa Margarida,11009,6,0,0,0,3,0,0,0,11000,11000,0,0,0,0,0,0,0,0,0,0,0,0,0,0,0,0,0,0,0,0,0,0,0,0,0,0,0,0
Santa Maria de Itabira,14,0,0,0,0,14,0,0,0,0,0,0,0,0,0,0,0,0,0,0,0,0,0,0,0,0,0,0,0,0,0,0,0,0,0,0,0,0,0
Santa Maria do Salto,11,2,0,0,0,4,0,0,0,0,0,0,0,0,0,0,1,0,0,0,0,0,2,0,0,2,0,0,0,0,0,0,0,0,0,0,0,0,0
Santa Maria do Suaçuí,97,0,0,0,0,24,0,0,0,68,3,65,0,0,0,0,5,0,0,0,0,0,0,0,0,0,0,0,0,0,0,0,0,0,0,0,0,0,0
Santana da Vargem,4517,0,0,0,0,11,0,0,0,4500,4500,0,0,0,0,0,0,0,0,0,3,0,0,0,0,0,0,0,0,0,1,0,0,0,0,2,0,0,0
Santana de Cataguases,7,0,0,0,0,3,4,0,0,0,0,0,0,0,0,0,0,0,0,0,0,0,0,0,0,0,0,0,0,0,0,0,0,0,0,0,0,0,0
Santana de Pirapama,89,20,0,0,0,18,0,0,0,0,0,0,0,0,0,0,0,0,0,0,0,0,0,2,0,0,30,15,0,0,0,0,0,0,0,4,0,0,0
Santana do Deserto,6,0,0,0,0,0,0,0,0,0,0,0,0,0,0,0,0,0,0,0,1,0,0,0,0,0,0,0,0,0,0,0,0,0,0,5,0,0,0
Santana do Garambéu,9,0,0,0,0,2,0,0,0,7,7,0,0,0,0,0,0,0,0,0,0,0,0,0,0,0,0,0,0,0,0,0,0,0,0,0,0,0,0
Santana do Jacaré,555,0,0,0,0,0,80,0,0,475,475,0,0,0,0,0,0,0,0,0,0,0,0,0,0,0,0,0,0,0,0,0,0,0,0,0,0,0,0
Santana do Manhuaçu,7328,5,0,0,0,15,0,0,0,7300,7300,0,0,0,0,0,0,0,0,0,0,0,6,0,0,0,0,0,0,0,0,0,0,0,0,2,0,0,0
Santana do Paraíso,19,0,0,0,0,4,0,0,0,14,14,0,0,0,0,0,1,0,0,0,0,0,0,0,0,0,0,0,0,0,0,0,0,0,0,0,0,0,0
Santana do Riacho,3,0,0,0,0,3,0,0,0,0,0,0,0,0,0,0,0,0,0,0,0,0,0,0,0,0,0,0,0,0,0,0,0,0,0,0,0,0,0
Santana dos Montes,22,0,0,0,2,0,0,0,0,12,12,0,0,0,0,0,0,0,0,0,0,0,0,2,0,0,0,0,0,0,0,0,0,0,0,0,0,0,6
Santa Rita de Caldas,330,1,0,0,0,0,0,0,0,200,200,0,0,10,0,0,0,0,0,0,10,0,50,0,0,0,0,0,0,0,0,0,55,0,0,4,0,0,0
Santa Rita de Jacutinga,22,0,0,0,0,6,0,0,0,0,0,0,0,0,0,0,0,0,0,0,0,0,0,4,0,0,0,0,0,0,12,0,0,0,0,0,0,0,0
Santa Rita de Minas,2352,16,0,0,0,22,0,0,0,2308,2308,0,0,0,0,0,0,0,0,0,0,0,1,0,0,0,0,0,0,0,0,0,0,0,0,5,0,0,0
Santa Rita de Ibitipoca,0,0,0,0,0,0,0,0,0,0,0,0,0,0,0,0,0,0,0,0,0,0,0,0,0,0,0,0,0,0,0,0,0,0,0,0,0,0,0
Santa Rita do Itueto,5713,0,0,0,0,10,0,0,0,5650,2100,3550,0,0,0,0,0,0,0,0,0,0,0,0,0,0,0,0,0,0,0,0,0,0,0,53,0,0,0
Santa Rita do Sapucaí,3827,-,-,-,-,20,-,0,-,3800,3800,-,0,-,-,-,-,-,-,-,-,-,2,-,-,-,-,-,-,-,-,-,-,-,-,5,-,-,-
Santa Rosa da Serra,3531,30,-,-,-,-,-,0,-,3500,3500,-,0,-,-,-,-,-,-,-,-,-,-,-,-,-,-,-,-,-,-,-,-,-,-,-,-,-,1
Santa Vitória,163,-,-,-,-,10,145,0,-,-,-,-,0,-,-,-,4,-,-,-,-,-,-,-,-,-,-,-,-,-,4,-,-,-,-,-,-,-,-
Santo Antônio do Amparo,8256,-,-,-,-,4,-,0,-,8200,8200,-,0,-,-,-,-,-,-,-,-,-,12,-,-,-,-,-,-,-,-,-,-,-,-,40,-,-,-
Santo Antônio do Aventureiro,40,-,-,-,-,30,-,0,-,-,-,-,0,-,-,-,-,-,-,-,10,-,-,-,-,-,-,-,-,-,-,-,-,-,-,-,-,-,-
Santo Antônio do Grama,23,-,-,-,-,-,-,0,-,23,23,-,0,-,-,-,-,-,-,-,-,-,-,-,-,-,-,-,-,-,-,-,-,-,-,-,-,-,-
Santo Antônio do Itambé,20,-,-,-,-,18,-,0,-,-,-,-,0,-,-,-,-,-,-,-,-,-,-,-,-,2,-,-,-,-,-,-,-,-,-,-,-,-,-
Santo Antônio do Jacinto,6,-,-,-,-,2,-,0,-,2,-,2,0,-,-,-,1,-,-,-,-,-,-,-,-,1,-,-,-,-,-,-,-,-,-,-,-,-,-
Santo Antônio do Monte,52,2,-,-,-,18,-,0,-,25,25,-,0,-,-,-,-,-,-,-,-,-,2,3,-,-,-,-,-,-,-,-,-,-,-,2,-,-,-
Santo Antônio do Retiro,364,-,-,-,-,180,-,0,-,120,120,-,0,-,-,-,-,-,-,-,-,-,11,-,-,-,3,11,-,-,-,-,-,-,-,35,-,4,-
Santo Antônio do Rio Abaixo,2,-,-,-,-,2,-,0,-,-,-,-,0,-,-,-,-,-,-,-,-,-,-,-,-,-,-,-,-,-,-,-,-,-,-,-,-,-,-
Santo Hipólito,104,2,-,-,-,-,-,0,-,-,-,-,0,-,-,-,-,-,-,-,-,-,-,-,-,-,10,90,-,-,-,-,-,-,-,2,-,-,-
Santos Dumont,75,-,-,-,-,60,-,0,-,-,-,-,0,3,-,-,-,-,-,-,2,-,-,1,-,-,-,-,-,-,-,-,7,-,-,2,-,-,-
São Bento Abade,1284,76,-,-,-,2,-,0,-,1200,1200,-,0,-,-,-,-,-,-,-,1,-,-,-,-,-,-,-,-,-,-,-,-,-,-,5,-,-,-
São Brás do Suaçuí,15,1,-,-,-,-,-,0,-,-,-,-,0,-,-,-,-,-,-,-,8,-,-,-,-,-,4,-,-,-,-,-,-,-,-,-,-,-,2
São Domingos das Dores,2350,2,-,-,-,130,-,0,-,2200,2200,-,0,-,-,-,1,-,-,-,1,-,4,2,-,-,-,3,-,-,-,-,-,-,-,7,-,-,-
São Domingos do Prata,126,-,-,-,-,23,-,0,-,100,100,-,0,-,-,-,-,-,-,-,-,-,1,2,-,-,-,-,-,-,-,-,-,-,-,-,-,-,-
São Félix de Minas,28,-,-,-,-,11,-,0,-,14,-,14,0,-,-,-,-,-,-,-,-,-,3,-,-,-,-,-,-,-,-,-,-,-,-,-,-,-,-
São Francisco,272,-,-,-,-,250,-,0,-,-,-,-,0,-,-,-,16,-,-,-,-,-,1,-,-,3,2,-,-,-,-,-,-,-,-,-,-,-,-
São Francisco de Paula,2942,-,-,-,-,-,-,0,-,2850,2850,-,0,-,-,-,-,-,-,-,-,-,69,8,-,-,-,-,-,-,-,-,-,-,-,12,-,-,3
São Francisco de Sales,784,8,-,-,-,-,658,0,-,-,-,-,0,-,-,-,-,-,-,-,-,-,80,-,-,-,38,-,-,-,-,-,-,-,-,-,-,-,-
São Francisco do Glória,1463,-,-,-,-,5,-,0,-,1448,1440,8,0,-,-,-,-,-,-,-,-,-,-,-,-,-,-,4,-,-,6,-,-,-,-,-,-,-,-
São Geraldo,463,-,-,-,-,60,5,0,-,370,370,-,0,-,-,-,1,-,-,-,4,-,15,3,-,-,-,-,-,-,-,-,-,-,-,5,-,-,-
São Geraldo da Piedade,157,-,-,-,-,155,-,0,-,-,-,-,0,-,-,-,2,-,-,-,-,-,-,-,-,-,-,-,-,-,-,-,-,-,-,-,-,-,-
São Geraldo do Baixio,15,-,-,-,-,2,-,0,-,10,-,10,0,-,-,-,3,-,-,-,-,-,-,-,-,-,-,-,-,-,-,-,-,-,-,-,-,-,-
São Gonçalo do Abaeté,701,-,-,-,-,6,240,0,-,420,420,-,0,-,-,-,-,-,-,-,-,-,-,-,-,-,32,3,-,-,-,-,-,-,-,-,-,-,-
São Gonçalo do Pará,4,2,-,-,-,-,-,0,-,-,-,-,0,-,-,-,-,-,-,-,-,-,1,-,-,-,-,-,-,-,-,-,-,-,-,1,-,-,-
São Gonçalo do Rio Abaixo,134,-,-,-,-,120,-,0,-,11,11,-,0,-,-,-,-,-,-,-,-,-,3,-,-,-,-,-,-,-,-,-,-,-,-,-,-,-,-
São Gonçalo do Sapucaí,9879,5,-,-,-,16,75,0,-,9330,9330,-,0,-,-,-,-,-,-,-,-,-,40,3,-,-,-,-,-,-,-,-,-,-,-,200,-,-,210
São Gotardo,2312,92,-,-,-,30,-,0,-,2025,2025,-,0,-,-,-,-,-,-,-,-,-,10,90,8,-,12,8,-,-,-,-,-,-,-,35,-,-,2
São João Batista do Glória,288,-,-,-,-,6,-,0,-,279,279,-,0,-,-,-,1,-,-,-,-,-,-,-,-,-,-,-,-,-,-,-,-,-,-,-,-,-,2
São João da Lagoa,21,-,-,-,-,17,-,0,-,-,-,-,0,-,-,-,-,-,-,-,-,-,2,-,-,-,-,-,-,-,-,-,-,-,-,2,-,-,-
São João da Mata,862,2,-,-,-,160,-,0,-,700,700,-,0,-,-,-,-,-,-,-,-,-,-,-,-,-,-,-,-,-,-,-,-,-,-,-,-,-,-
São João da Ponte,40,-,-,-,-,31,-,0,-,-,-,-,0,-,-,-,2,-,-,-,-,-,1,-,-,-,6,-,-,-,-,-,-,-,-,-,-,-,-
São João das Missões,2,-,-,-,-,2,-,0,-,-,-,-,0,-,-,-,-,-,-,-,-,-,-,-,-,-,-,-,-,-,-,-,-,-,-,-,-,-,-
São João del Rei,739,17,-,-,-,1,-,0,-,474,474,-,0,-,-,-,-,-,-,-,1,-,160,-,-,-,-,1,-,-,-,-,-,-,-,85,-,-,-
São João do Manhuaçu,6824,17,-,-,-,2,-,0,-,6800,6800,-,0,-,-,-,-,-,-,-,-,-,1,-,-,-,-,4,-,-,-,-,-,-,-,-,-,-,-
São João do Manteninha,251,-,-,-,-,1,-,0,-,210,60,150,0,-,-,-,10,-,-,-,-,-,-,-,-,-,30,-,-,-,-,-,-,-,-,-,-,-,-
São João do Oriente,35,1,-,-,-,3,-,0,-,-,-,-,0,-,-,-,3,-,-,-,-,-,1,-,-,-,2,25,-,-,-,-,-,-,-,-,-,-,-
São João do Pacuí,4,-,-,-,-,3,-,0,-,-,-,-,0,-,-,-,-,-,-,-,-,-,1,-,-,-,-,-,-,-,-,-,-,-,-,-,-,-,-
São João do Paraíso,329,2,-,-,-,24,-,0,-,265,265,-,0,-,-,-,2,-,-,-,-,-,6,1,-,-,1,-,27,-,-,-,-,-,-,1,-,-,-
São João Evangelista,22,-,-,-,-,20,-,0,-,2,2,-,0,-,-,-,-,-,-,-,-,-,-,-,-,-,-,-,-,-,-,-,-,-,-,-,-,-,-
São João Nepomuceno,72,-,-,-,-,55,8,0,-,-,-,-,0,-,-,-,-,-,-,-,-,-,1,1,-,-,-,1,-,-,4,-,-,-,-,2,-,-,-
São Joaquim de Bicas,18,-,-,-,-,16,-,0,-,-,-,-,0,-,-,-,-,-,-,-,-,-,-,-,-,-,-,2,-,-,-,-,-,-,-,-,-,-,-
São José da Barra,3790,-,-,-,-,7,-,0,-,3780,3780,-,0,-,-,-,-,-,-,-,-,-,3,-,-,-,-,-,-,-,-,-,-,-,-,-,-,-,-
São José da Lapa,-,-,-,-,-,-,-,0,-,-,-,-,0,-,-,-,-,-,-,-,-,-,-,-,-,-,-,-,-,-,-,-,-,-,-,-,-,-,-
São José da Safira,1,-,-,-,-,1,-,0,-,-,-,-,0,-,-,-,-,-,-,-,-,-,-,-,-,-,-,-,-,-,-,-,-,-,-,-,-,-,-
São José da Varginha,28,-,-,-,-,27,-,0,-,-,-,-,0,-,-,-,-,-,-,-,-,-,-,-,-,-,-,-,-,-,-,-,-,-,-,1,-,-,-
São José do Alegre,258,-,-,-,-,108,-,0,-,130,130,-,0,-,-,-,-,-,-,-,-,-,14,-,-,-,-,-,-,-,-,-,-,-,-,6,-,-,-
São José do Divino,44,-,-,-,-,-,12,0,-,2,-,2,0,-,-,-,2,-,-,-,-,-,6,2,-,-,6,2,-,-,-,-,-,12,-,-,-,-,-
São José do Goiabal,5,-,-,-,-,2,-,0,-,2,2,-,0,-,-,-,-,-,-,-,-,-,1,-,-,-,-,-,-,-,-,-,-,-,-,-,-,-,-
São José do Jacuri,59,-,-,-,-,16,-,0,-,31,-,31,0,-,-,-,-,-,-,-,-,-,2,-,-,-,-,-,-,-,-,-,-,-,-,-,-,10,-
São José do Mantimento,872,-,-,-,-,5,-,0,-,865,700,165,0,-,-,-,2,-,-,-,-,-,-,-,-,-,-,-,-,-,-,-,-,-,-,-,-,-,-
São Lourenço,52,-,-,-,-,-,-,0,-,50,50,-,0,-,-,-,-,-,-,-,-,-,-,-,-,-,-,-,-,-,-,-,-,-,-,2,-,-,-
São Miguel do Anta,1560,-,-,-,-,16,-,0,-,1540,1540,-,0,-,-,-,-,-,-,-,-,-,-,-,-,-,-,-,-,-,-,-,-,-,-,4,-,-,-
São Pedro da União,4131,230,-,-,-,-,-,0,-,3800,3800,-,0,-,-,-,-,-,-,-,-,-,95,-,-,-,-,-,-,-,-,-,-,-,-,5,-,-,1
São Pedro dos Ferros,54,-,-,-,-,8,40,0,-,-,-,-,0,-,-,-,1,-,-,-,-,-,1,-,-,-,-,-,-,-,-,-,-,-,-,4,-,-,-
São Pedro do Suaçuí,23,-,-,-,-,-,-,0,-,23,-,23,0,-,-,-,-,-,-,-,-,-,-,-,-,-,-,-,-,-,-,-,-,-,-,-,-,-,-
São Romão,0,0,0,0,0,0,0,0,0,0,0,0,0,0,0,0,0,0,0,0,0,0,0,0,0,0,0,0,0,0,0,0,0,0,0,0,0,0,0
São Roque de Minas,5830,115,-,-,-,3,-,0,-,5400,5400,-,0,-,-,-,-,-,-,-,-,-,-,17,-,-,270,-,-,-,-,-,-,-,-,25,-,-,-
São Sebastião da Bela Vista,1350,-,-,-,-,-,-,0,-,1350,1350,-,0,-,-,-,-,-,-,-,-,-,-,-,-,-,-,-,-,-,-,-,-,-,-,-,-,-,-
São Sebastião da Vargem Alegre,880,-,-,-,-,28,-,0,-,850,850,-,0,-,-,-,-,-,-,-,-,-,-,-,-,-,-,-,-,-,-,-,-,-,-,-,-,-,2
São Sebastião do Anta,2295,-,-,-,-,90,-,0,-,2205,2200,5,0,-,-,-,-,-,-,-,-,-,-,-,-,-,-,-,-,-,-,-,-,-,-,-,-,-,-
São Sebastião do Maranhão,149,-,-,-,-,28,-,0,-,118,105,13,0,-,-,-,-,-,-,-,-,-,-,-,-,-,-,-,-,-,-,-,-,3,-,-,-,-,-
São Sebastião do Oeste,13,-,-,-,-,-,10,0,-,-,-,-,0,-,-,-,-,-,-,-,-,-,-,-,-,-,3,-,-,-,-,-,-,-,-,-,-,-,-
São Sebastião do Paraíso,14880,170,-,-,-,35,-,0,-,12000,12000,-,0,-,-,-,-,-,-,90,5,-,2500,19,-,-,12,-,-,-,3,-,20,-,-,24,-,-,2
São Sebastião do Rio Preto,1,-,-,-,-,-,-,0,-,-,-,-,0,-,-,-,-,-,-,-,1,-,-,-,-,-,-,-,-,-,-,-,-,-,-,-,-,-,-
São Sebastião do Rio Verde,10,-,-,-,-,-,-,0,-,-,-,-,0,-,-,-,-,-,-,-,-,-,-,2,-,-,-,-,-,-,-,-,-,-,-,8,-,-,-
São Tiago,431,-,-,-,-,10,-,0,-,380,380,-,0,-,-,-,-,-,-,-,-,-,-,-,30,-,5,-,-,-,-,-,2,-,-,4,-,-,-
São Tomás de Aquino,8455,54,-,-,-,3,-,0,-,8310,8310,-,0,-,-,-,-,-,-,-,-,-,55,-,-,-,30,-,-,-,2,-,-,-,-,-,-,-,1
São Tomé das Letras,1390,-,-,-,-,10,-,0,-,1380,1380,-,0,-,-,-,-,-,-,-,-,-,-,-,-,-,-,-,-,-,-,-,-,-,-,-,-,-,-
São Vicente de Minas,854,8,-,-,-,10,-,0,-,-,-,-,0,-,-,-,-,-,-,-,2,-,650,5,-,-,5,24,-,-,-,-,-,-,-,150,-,-,-
Sapucaí-Mirim,72,-,-,-,45,24,-,0,-,-,-,-,0,2,-,-,-,-,-,-,-,-,-,-,1,-,-,-,-,-,-,-,-,-,-,-,-,-,-
Sardoá,35,-,-,-,-,20,-,0,-,14,14,-,0,-,-,-,-,-,-,-,-,-,-,-,-,-,-,-,-,-,-,-,-,-,-,1,-,-,-
Sarzedo,5,-,-,-,-,3,-,0,-,-,-,-,0,-,-,-,-,-,-,-,-,-,-,-,-,-,2,-,-,-,-,-,-,-,-,-,-,-,-
Setubinha,864,-,-,-,-,14,-,0,-,840,840,-,0,-,-,-,-,-,-,-,-,-,2,-,-,-,-,-,-,-,-,-,-,-,-,3,-,5,-
Sem-Peixe,33,-,-,-,-,3,-,0,-,-,-,-,0,-,-,-,30,-,-,-,-,-,-,-,-,-,-,-,-,-,-,-,-,-,-,-,-,-,-
Senador Amaral,26,-,-,-,-,-,-,0,-,-,-,-,0,1,-,-,-,-,-,-,-,-,1,-,-,-,20,-,-,-,-,-,-,-,-,3,-,-,1
Senador Cortes,9,-,-,-,-,4,-,0,-,-,-,-,0,-,-,-,-,-,-,-,-,-,-,1,-,-,-,-,-,-,-,-,-,-,-,4,-,-,-
Senador Firmino,94,-,-,-,-,1,-,0,-,92,92,-,0,-,-,-,-,-,-,-,1,-,-,-,-,-,-,-,-,-,-,-,-,-,-,-,-,-,-
Senador José Bento,425,3,-,-,-,16,-,0,-,400,400,-,0,-,-,-,-,-,-,-,-,-,-,-,-,-,-,-,-,-,-,-,-,-,-,-,-,-,6
Senador Modestino Gonçalves,217,-,-,-,-,12,-,0,-,75,75,-,0,-,-,-,-,-,-,-,-,-,2,6,-,-,-,2,-,-,-,-,-,-,-,-,-,120,-
Senhora de Oliveira,120,-,-,-,-,-,-,0,-,120,120,-,0,-,-,-,-,-,-,-,-,-,-,-,-,-,-,-,-,-,-,-,-,-,-,-,-,-,-
Senhora do Porto,35,-,-,-,-,35,-,0,-,-,-,-,0,-,-,-,-,-,-,-,-,-,-,-,-,-,-,-,-,-,-,-,-,-,-,-,-,-,-
Senhora dos Remédios,95,-,-,-,-,65,-,0,-,30,30,-,0,-,-,-,-,-,-,-,-,-,-,-,-,-,-,-,-,-,-,-,-,-,-,-,-,-,-
Sericita,5802,-,-,-,-,2,-,0,-,5800,5800,-,0,-,-,-,-,-,-,-,-,-,-,-,-,-,-,-,-,-,-,-,-,-,-,-,-,-,-
Seritinga,6,-,-,-,4,-,-,0,-,-,-,-,0,-,-,-,-,-,-,-,-,-,-,-,-,-,-,-,-,-,-,-,-,-,-,-,-,-,2
Serra Azul de Minas,3,-,-,-,-,-,-,0,-,-,-,-,0,-,-,-,-,-,-,-,-,-,-,-,-,-,-,-,-,-,-,-,-,-,-,-,-,3,-
Serra da Saudade,0,0,0,0,0,0,0,0,0,0,0,0,0,0,0,0,0,0,0,0,0,0,0,0,0,0,0,0,0,0,0,0,0,0,0,0,0,0,0
Serra dos Aimorés,15,-,-,-,-,-,-,0,-,-,-,-,0,-,-,-,-,-,-,-,-,-,-,-,-,-,-,-,-,-,-,-,-,15,-,-,-,-,-
Serra do Salitre,16218,4,-,-,-,1,93,0,-,16000,16000,-,0,-,-,-,-,-,-,-,-,-,100,-,-,-,-,20,-,-,-,-,-,-,-,-,-,-,-
Serrania,3301,-,-,-,-,-,-,0,-,3300,3300,-,0,-,-,-,-,-,-,-,-,-,-,-,-,-,-,-,-,-,-,-,-,-,-,-,-,-,1
Serranópolis de Minas,20,-,-,-,-,-,-,0,-,20,20,-,0,-,-,-,-,-,-,-,-,-,-,-,-,-,-,-,-,-,-,-,-,-,-,-,-,-,-
Serranos,13,-,-,-,13,-,-,0,-,-,-,-,0,-,-,-,-,-,-,-,-,-,-,-,-,-,-,-,-,-,-,-,-,-,-,-,-,-,-
Serro,112,-,-,-,-,25,-,0,-,80,80,-,0,-,-,-,-,-,-,-,-,-,4,-,-,1,-,-,1,-,-,-,-,-,-,-,-,1,-
Sete Lagoas,17,8,-,-,-,-,-,0,-,-,-,-,0,-,-,-,2,-,-,-,-,-,2,-,-,-,5,-,-,-,-,-,-,-,-,-,-,-,-
Silveirânia,4,-,-,-,-,2,-,0,-,2,2,-,0,-,-,-,-,-,-,-,-,-,-,-,-,-,-,-,-,-,-,-,-,-,-,-,-,-,-
Silvianópolis,1846,8,-,-,-,130,-,0,-,1560,1560,-,0,13,-,-,-,-,-,-,-,-,95,-,-,-,-,-,-,-,-,-,4,-,-,35,-,-,1
Simão Pereira,12,-,-,-,-,12,-,0,-,-,-,-,0,-,-,-,-,-,-,-,-,-,-,-,-,-,-,-,-,-,-,-,-,-,-,-,-,-,-
Simonésia,11162,45,-,-,-,45,-,0,-,11050,11050,-,0,-,-,-,1,-,-,-,3,-,6,2,-,-,8,1,-,-,-,-,-,-,-,1,-,-,-
Sobrália,28,1,-,-,-,6,-,0,-,-,-,-,0,-,-,-,18,-,-,-,-,-,-,-,-,-,2,1,-,-,-,-,-,-,-,-,-,-,-
Soledade de Minas,320,-,-,-,-,20,-,0,-,300,300,-,0,-,-,-,-,-,-,-,-,-,-,-,-,-,-,-,-,-,-,-,-,-,-,-,-,-,-
Tabuleiro,21,-,-,-,-,10,-,0,-,-,-,-,0,-,-,-,-,-,-,-,1,-,2,2,-,-,-,2,-,-,-,-,-,-,-,4,-,-,-
Taiobeiras,666,-,-,-,-,15,-,0,-,630,630,-,0,-,-,-,3,-,-,-,-,-,4,-,-,-,3,8,-,-,-,-,-,-,-,3,-,-,-
Taparuba,140,-,-,-,-,3,-,0,-,132,12,120,0,-,-,-,3,-,-,-,-,-,2,-,-,-,-,-,-,-,-,-,-,-,-,-,-,-,-
Tapira,681,100,-,-,-,-,130,0,-,450,450,-,0,-,-,-,-,-,-,-,-,-,-,-,-,-,1,-,-,-,-,-,-,-,-,-,-,-,-
Tapiraí,1621,2,-,-,-,3,-,0,-,1613,1613,-,0,-,-,-,-,-,-,-,-,-,3,-,-,-,-,-,-,-,-,-,-,-,-,-,-,-,-
Taquaraçu de Minas,255,-,-,-,-,240,-,0,-,-,-,-,0,-,-,-,-,-,-,-,-,-,-,12,-,-,-,-,-,-,-,-,-,-,-,3,-,-,-
Tarumirim,61,-,-,-,-,35,-,0,-,14,10,4,0,-,-,-,9,-,-,-,-,-,-,-,-,-,-,-,-,-,3,-,-,-,-,-,-,-,-
Teixeiras,1093,2,-,-,-,27,-,0,-,1020,1020,-,0,-,-,-,-,-,-,-,2,-,6,2,-,-,4,-,-,-,25,-,-,-,-,5,-,-,-
Teófilo Otoni,366,5,-,-,-,160,-,0,-,20,20,-,0,-,-,-,3,-,-,-,25,-,100,1,-,5,1,5,-,-,10,-,-,5,-,17,-,6,3
Timóteo,9,-,-,-,-,8,-,0,-,-,-,-,0,-,-,-,1,-,-,-,-,-,-,-,-,-,-,-,-,-,-,-,-,-,-,-,-,-,-
Tiradentes,50,-,-,-,-,-,-,0,-,-,-,-,0,-,-,-,-,-,-,-,-,-,-,-,-,-,-,-,-,-,-,-,-,-,-,50,-,-,-
Tiros,2070,5,-,-,-,-,-,0,-,2060,2060,-,0,-,-,-,-,-,-,-,-,-,-,-,-,-,-,5,-,-,-,-,-,-,-,-,-,-,-
Tocantins,993,4,-,-,-,80,-,0,-,-,-,-,0,-,-,-,6,-,-,-,30,-,80,33,-,-,75,35,-,-,-,-,-,-,-,650,-,-,-
Tocos do Moji,371,14,-,-,-,1,-,0,-,354,354,-,0,-,-,-,-,-,-,-,1,-,-,-,-,-,-,-,-,-,-,-,-,-,-,-,-,-,1
Toledo,3,3,-,-,-,-,-,0,-,-,-,-,0,-,-,-,-,-,-,-,-,-,-,-,-,-,-,-,-,-,-,-,-,-,-,-,-,-,-
Tombos,1652,-,-,-,-,17,-,0,-,1630,1600,30,0,-,-,-,5,-,-,-,-,-,-,-,-,-,-,-,-,-,-,-,-,-,-,-,-,-,-
Três Corações,9730,550,-,-,-,2,-,0,-,8700,8700,-,0,40,-,-,-,-,-,-,-,-,210,4,-,-,65,-,-,-,-,-,-,-,-,150,-,-,9
Três Marias,26,1,-,-,-,10,-,0,-,-,-,-,0,-,-,-,-,-,-,-,-,-,2,3,-,-,5,5,-,-,-,-,-,-,-,-,-,-,-
Três Pontas,17633,-,-,-,-,18,-,0,-,17571,17571,-,0,-,-,-,-,-,-,-,-,-,3,-,-,-,-,-,-,-,-,8,-,-,-,28,-,-,5
Tumiritinga,20,-,-,-,-,10,-,0,-,-,-,-,0,-,-,-,7,-,-,-,-,-,-,-,-,-,-,-,-,-,-,-,-,3,-,-,-,-,-
Tupaciguara,316,-,-,-,-,16,100,0,-,191,191,-,0,-,-,-,2,-,-,-,-,-,-,-,-,-,-,2,-,-,5,-,-,-,-,-,-,-,-
Turmalina,703,-,-,-,-,24,-,0,-,650,650,-,0,-,-,-,2,-,-,-,-,-,12,-,-,-,-,2,-,-,-,-,-,-,-,1,-,4,8
Turvolândia,2047,23,-,-,-,-,-,0,-,1600,1600,-,0,360,-,-,-,-,-,-,12,-,7,-,13,-,-,9,-,-,-,-,16,-,-,7,-,-,-
Ubá,179,1,-,-,-,33,-,0,-,4,-,4,0,-,-,-,1,-,-,-,8,-,2,5,-,-,75,5,-,-,-,-,-,-,-,45,-,-,-
Ubaí,2,-,-,-,-,-,-,0,-,-,-,-,0,-,-,-,-,-,-,-,-,-,2,-,-,-,-,-,-,-,-,-,-,-,-,-,-,-,-
Ubaporanga,3717,25,-,-,-,85,-,0,-,3545,3545,-,0,-,-,-,2,-,-,-,1,-,18,14,-,-,2,13,-,-,-,-,-,-,-,12,-,-,-
Uberaba,1468,210,-,-,-,25,300,0,-,408,408,-,0,-,-,-,4,-,-,-,2,-,380,80,-,-,3,11,-,-,10,-,-,-,-,25,-,-,10
Uberlândia,5402,25,-,-,-,1080,210,0,-,460,460,-,0,-,-,-,-,-,-,-,4,-,3500,28,-,7,30,20,-,-,30,-,-,-,-,8,-,-,-
Umburatiba,0,0,0,0,0,0,0,0,0,0,0,0,0,0,0,0,0,0,0,0,0,0,0,0,0,0,0,0,0,0,0,0,0,0,0,0,0,0,0
Unaí,3920,-,-,-,-,65,49,0,-,3770,3770,-,0,-,-,-,-,-,-,-,-,-,15,3,-,-,-,18,-,-,-,-,-,-,-,-,-,-,-
União de Minas,937,-,-,-,-,30,907,0,-,-,-,-,0,-,-,-,-,-,-,-,-,-,-,-,-,-,-,-,-,-,-,-,-,-,-,-,-,-,-
Uruana de Minas,10,-,-,-,-,10,-,0,-,-,-,-,0,-,-,-,-,-,-,-,-,-,-,-,-,-,-,-,-,-,-,-,-,-,-,-,-,-,-
Urucânia,64,-,-,-,-,30,-,0,-,-,-,-,0,-,-,-,1,-,-,-,30,-,-,-,-,-,-,3,-,-,-,-,-,-,-,-,-,-,-
Urucuia,559,-,-,-,-,4,-,0,-,553,553,-,0,-,-,-,-,-,-,-,-,-,-,-,-,-,-,2,-,-,-,-,-,-,-,-,-,-,-
Vargem Alegre,71,-,-,-,-,3,-,0,-,64,64,-,0,-,-,-,2,-,-,-,-,-,-,-,-,-,1,1,-,-,-,-,-,-,-,-,-,-,-
Vargem Bonita,2583,-,-,-,-,3,120,0,-,2460,2460,-,0,-,-,-,-,-,-,-,-,-,-,-,-,-,-,-,-,-,-,-,-,-,-,-,-,-,-
Vargem Grande do Rio Pardo,200,-,-,-,-,4,-,0,-,85,85,-,0,-,-,-,-,-,-,-,-,-,-,-,-,-,110,-,-,-,-,-,-,-,-,1,-,-,-
Varginha,7972,5,-,-,-,8,-,0,-,7950,7950,-,0,-,-,-,-,-,-,-,-,-,7,-,-,-,-,-,-,-,-,-,-,-,-,-,-,-,2
Varjão de Minas,2387,-,-,-,-,42,-,0,-,2337,2337,-,0,-,-,-,-,-,-,-,-,-,-,-,-,-,1,5,-,-,-,-,-,-,-,2,-,-,-
Várzea da Palma,1789,15,-,-,-,341,-,0,-,700,700,-,0,-,-,-,15,-,-,-,2,-,250,3,-,200,2,17,-,-,-,-,-,-,-,194,-,-,50
Varzelândia,15,-,-,-,-,4,-,0,-,-,-,-,0,-,-,-,-,-,-,-,-,-,-,-,-,-,6,-,-,-,-,-,-,-,-,5,-,-,-
Vazante,0,0,0,0,0,0,0,0,0,0,0,0,0,0,0,0,0,0,0,0,0,0,0,0,0,0,0,0,0,0,0,0,0,0,0,0,0,0,0
Verdelândia,1301,-,-,-,-,1230,-,0,-,-,-,-,0,-,-,-,4,-,-,-,-,-,-,7,-,5,55,-,-,-,-,-,-,-,-,-,-,-,-
Veredinha,150,-,-,-,-,3,-,0,-,140,140,-,0,-,-,-,-,-,-,-,-,-,7,-,-,-,-,-,-,-,-,-,-,-,-,-,-,-,-
Veríssimo,22,-,-,-,-,6,6,0,-,-,-,-,0,-,-,-,-,-,-,-,-,-,-,4,-,-,6,-,-,-,-,-,-,-,-,-,-,-,-
Vermelho Novo,2274,1,-,-,-,12,15,0,-,2244,2240,4,0,-,-,-,-,-,-,-,-,-,-,-,-,-,1,-,-,-,-,-,-,-,-,1,-,-,-
Vespasiano,0,0,0,0,0,0,0,0,0,0,0,0,0,0,0,0,0,0,0,0,0,0,0,0,0,0,0,0,0,0,0,0,0,0,0,0,0,0,0
Viçosa,871,-,-,-,-,20,-,0,-,825,825,-,0,-,-,-,-,-,-,-,6,-,7,4,-,-,-,5,-,-,2,-,-,-,-,2,-,-,-
Vieiras,692,-,-,-,2,40,-,0,-,650,650,-,0,-,-,-,-,-,-,-,-,-,-,-,-,-,-,-,-,-,-,-,-,-,-,-,-,-,-
Mathias Lobato,9,-,-,-,-,4,5,0,-,-,-,-,0,-,-,-,-,-,-,-,-,-,-,-,-,-,-,-,-,-,-,-,-,-,-,-,-,-,-
Virgem da Lapa,6,-,-,-,-,3,-,0,-,-,-,-,0,-,-,-,-,-,-,-,-,-,-,-,-,-,3,-,-,-,-,-,-,-,-,-,-,-,-
Virgínia,383,19,-,-,-,12,-,0,-,50,50,-,0,14,-,-,-,-,-,40,14,-,12,10,4,-,5,-,-,-,-,20,120,-,-,63,-,-,-
Virginópolis,105,-,-,-,-,19,-,0,-,80,80,-,0,-,-,-,-,-,-,-,6,-,-,-,-,-,-,-,-,-,-,-,-,-,-,-,-,-,-
Virgolândia,59,-,-,-,-,25,-,0,-,22,10,12,0,-,-,-,10,-,-,-,-,-,2,-,-,-,-,-,-,-,-,-,-,-,-,-,-,-,-
Visconde do Rio Branco,415,-,-,-,-,35,-,0,-,3,3,-,0,-,-,-,8,-,-,-,60,-,160,3,-,-,120,16,-,-,-,-,-,-,-,10,-,-,-
Volta Grande,9,1,-,-,-,8,-,0,-,-,-,-,0,-,-,-,-,-,-,-,-,-,-,-,-,-,-,-,-,-,-,-,-,-,-,-,-,-,-
Wenceslau Braz,8,-,-,-,6,-,-,0,-,-,-,-,0,-,-,-,-,-,-,-,-,-,1,-,-,-,-,-,-,-,-,1,-,-,-,-,-,-,-
Fonte: IBGE - Produção Agrícola Municipal,,,,,,,,,,,,,,,,,,,,,,,,,,,,,,,,,,,,,,,
